Naam,Prijs,Aanbieding,Eiwit per 100g,Koolhydraten per 100g,Vetten per 100g,Calorieën,Link,Afbeelding,Verzameld op
"Campina Halfvolle yoghurt,""€1,89"",JA,4.0 g,3.8 g,1.5 g,206.0 kJ (49.0 kcal),https://www.ah.nl/producten/product/wi48785/campina-halfvolle-yoghurt,https://static.ah.nl/dam/product/AHI_63706d56526f52645131754d57457a7171456e5a5477?revLabel=1&rendition=800x800_JPG_Q90&fileType=binary,2025-12-15 14:25:05"
"Campina Volle yoghurt,""€1,95"",JA,3.9 g,3.7 g,3.1 g,262.0 kJ (63.0 kcal),https://www.ah.nl/producten/product/wi221096/campina-volle-yoghurt,https://static.ah.nl/dam/product/AHI_2d724e536a59617852562d3753522d4667775f486f67?revLabel=1&rendition=800x800_JPG_Q90&fileType=binary,2025-12-15 14:25:08"
"De Zaanse Hoeve Volle yoghurt,""€1,39"",NEE,3.7 g,3.9 g,3.0 g,240.0 kJ (57.0 kcal),https://www.ah.nl/producten/product/wi118132/de-zaanse-hoeve-volle-yoghurt,https://static.ah.nl/dam/product/AHI_4354523130303339333038?revLabel=1&rendition=800x800_JPG_Q90&fileType=binary,2025-12-15 14:25:11"
"AH Biologisch Halfvolle yoghurt,""€1,69"",NEE,4.5 g,5.2 g,1.6 g,224.0 kJ (53.0 kcal),https://www.ah.nl/producten/product/wi429772/ah-biologisch-halfvolle-yoghurt,https://static.ah.nl/dam/product/AHI_4354523130313832363731?revLabel=1&rendition=800x800_JPG_Q90&fileType=binary,2025-12-15 14:25:14"
"AH Magere yoghurt,""€1,49"",NEE,4.5 g,4.5 g,0.0 g,153.0 kJ (36.0 kcal),https://www.ah.nl/producten/product/wi96643/ah-magere-yoghurt,https://static.ah.nl/dam/product/AHI_4354523130313033383437?revLabel=1&rendition=800x800_JPG_Q90&fileType=binary,2025-12-15 14:25:16"
"Almhof 0% vet yoghurt perzik-maracuja,""€1,99"",JA,4.4 g,11.4 g,0.0 g,285.0 kJ (67.0 kcal),https://www.ah.nl/producten/product/wi177502/almhof-0-vet-yoghurt-perzik-maracuja,https://static.ah.nl/dam/product/AHI_475364625a614b355477475174744371782d63477441?revLabel=1&rendition=800x800_JPG_Q90&fileType=binary,2025-12-15 14:25:19"
"AH Biologisch Volle yoghurt,""€1,79"",NEE,4.0 g,4.5 g,3.1 g,259.0 kJ (62.0 kcal),https://www.ah.nl/producten/product/wi60746/ah-biologisch-volle-yoghurt,https://static.ah.nl/dam/product/AHI_4354523130313837333638?revLabel=1&rendition=800x800_JPG_Q90&fileType=binary,2025-12-15 14:25:22"
"De Zaanse Hoeve Halfvolle yoghurt vanillesmaak,""€1,59"",NEE,3.1 g,13.0 g,1.6 g,333.0 kJ (79.0 kcal),https://www.ah.nl/producten/product/wi177474/de-zaanse-hoeve-halfvolle-yoghurt-vanillesmaak,https://static.ah.nl/dam/product/AHI_4354523130313035333731?revLabel=1&rendition=800x800_JPG_Q90&fileType=binary,2025-12-15 14:25:25"
"AH Biologisch Yoghurt Griekse stijl,""€2,99"",NEE,4.5 g,5.0 g,10.0 g,532.0 kJ (128.0 kcal),https://www.ah.nl/producten/product/wi451172/ah-biologisch-yoghurt-griekse-stijl,https://static.ah.nl/dam/product/AHI_4354523130313934393530?revLabel=1&rendition=800x800_JPG_Q90&fileType=binary,2025-12-15 14:25:28"
"De Zaanse Hoeve Yoghurt Griekse stijl 2% vet,""€2,25"",NEE,6.0 g,4.7 g,2.0 g,256.0 kJ (61.0 kcal),https://www.ah.nl/producten/product/wi407959/de-zaanse-hoeve-yoghurt-griekse-stijl-2-vet,https://static.ah.nl/dam/product/AHI_4354523130313935323232?revLabel=1&rendition=800x800_JPG_Q90&fileType=binary,2025-12-15 14:25:34"
"De Zaanse Hoeve Yoghurt Griekse stijl 10% vet,""€2,35"",NEE,4.5 g,5.0 g,10.0 g,532.0 kJ (128.0 kcal),https://www.ah.nl/producten/product/wi216237/de-zaanse-hoeve-yoghurt-griekse-stijl-10-vet,https://static.ah.nl/dam/product/AHI_4354523130303233373134?revLabel=1&rendition=800x800_JPG_Q90&fileType=binary,2025-12-15 14:25:38"
"De Zaanse Hoeve Magere yoghurt,""€0,85"",NEE,4.0 g,4.3 g,0.1 g,145.0 kJ (34.0 kcal),https://www.ah.nl/producten/product/wi1519/de-zaanse-hoeve-magere-yoghurt,https://static.ah.nl/dam/product/AHI_4354523130303339333039?revLabel=1&rendition=800x800_JPG_Q90&fileType=binary,2025-12-15 14:25:41"
"AH Biologisch Magere yoghurt,""€1,59"",NEE,4.2 g,4.8 g,0.4 g,168.0 kJ (40.0 kcal),https://www.ah.nl/producten/product/wi61010/ah-biologisch-magere-yoghurt,https://static.ah.nl/dam/product/AHI_4354523130313833343733?revLabel=1&rendition=800x800_JPG_Q90&fileType=binary,2025-12-15 14:25:47"
"De Zaanse Hoeve Halfvolle yoghurt,""€1,19"",NEE,4.0 g,4.2 g,1.5 g,195.0 kJ (46.0 kcal),https://www.ah.nl/producten/product/wi438675/de-zaanse-hoeve-halfvolle-yoghurt,https://static.ah.nl/dam/product/AHI_4354523130313836353839?revLabel=1&rendition=800x800_JPG_Q90&fileType=binary,2025-12-15 14:25:50"
"AH Magere yoghurt perzik,""€1,49"",NEE,3.9 g,11.0 g,0.0 g,254.0 kJ (60.0 kcal),https://www.ah.nl/producten/product/wi575460/ah-magere-yoghurt-perzik,https://static.ah.nl/dam/product/AHI_4354523130313934333634?revLabel=1&rendition=800x800_JPG_Q90&fileType=binary,2025-12-15 14:25:53"
"AH Magere yoghurt aardbei,""€1,69"",NEE,3.9 g,11.0 g,0.0 g,254.0 kJ (60.0 kcal),https://www.ah.nl/producten/product/wi575364/ah-magere-yoghurt-aardbei,https://static.ah.nl/dam/product/AHI_4354523130313835303939?revLabel=1&rendition=800x800_JPG_Q90&fileType=binary,2025-12-15 14:25:56"
"AH Halfvolle yoghurt,""€1,59"",NEE,4.5 g,3.5 g,1.5 g,192.0 kJ (46.0 kcal),https://www.ah.nl/producten/product/wi121656/ah-halfvolle-yoghurt,https://static.ah.nl/dam/product/AHI_4354523130313033383438?revLabel=1&rendition=800x800_JPG_Q90&fileType=binary,2025-12-15 14:26:00"
"AH Magere yoghurt,""€1,99"",NEE,4.4 g,4.0 g,0.5 g,161.0 kJ (38.0 kcal),https://www.ah.nl/producten/product/wi177476/ah-magere-yoghurt,https://static.ah.nl/dam/product/AHI_4354523130313838393234?revLabel=1&rendition=800x800_JPG_Q90&fileType=binary,2025-12-15 14:26:03"
"Zuivelhoeve Boer'n yoghurt aardbei,""€3,29"",NEE,4.3 g,9.5 g,3.5 g,366.0 kJ (87.0 kcal),https://www.ah.nl/producten/product/wi550133/zuivelhoeve-boer-n-yoghurt-aardbei,https://static.ah.nl/dam/product/AHI_43545239393235363630?revLabel=1&rendition=800x800_JPG_Q90&fileType=binary,2025-12-15 14:26:06"
"AH Biologisch Yoghurt Griekse stijl 2%,""€2,89"",NEE,6.0 g,4.7 g,2.0 g,256.0 kJ (61.0 kcal),https://www.ah.nl/producten/product/wi585999/ah-biologisch-yoghurt-griekse-stijl-2,https://static.ah.nl/dam/product/AHI_4354523130313931393936?revLabel=1&rendition=800x800_JPG_Q90&fileType=binary,2025-12-15 14:26:09"
"AH Yoghurt Griekse stijl,""€2,29"",NEE,3.0 g,4.2 g,10.0 g,492.0 kJ (119.0 kcal),https://www.ah.nl/producten/product/wi412578/ah-yoghurt-griekse-stijl,https://static.ah.nl/dam/product/AHI_4354523130313839313030?revLabel=1&rendition=800x800_JPG_Q90&fileType=binary,2025-12-15 14:26:12"
"Almhof Roomyoghurt Spaanse sinaasappel,""€2,59"",NEE,2.7 g,13.1 g,8.1 g,578.0 kJ (138.0 kcal),https://www.ah.nl/producten/product/wi130176/almhof-roomyoghurt-spaanse-sinaasappel,https://static.ah.nl/dam/product/AHI_38626a63695234745476616f395868535859444e5551?revLabel=1&rendition=800x800_JPG_Q90&fileType=binary,2025-12-15 14:26:14"
"AH Halfvolle yoghurt vanillesmaak,""€1,79"",NEE,3.1 g,13.0 g,1.6 g,333.0 kJ (79.0 kcal),https://www.ah.nl/producten/product/wi373908,https://static.ah.nl/dam/product/AHI_4354523130303335303533?revLabel=1&rendition=800x800_JPG_Q90&fileType=binary,2025-12-15 14:26:17"
"AH Yoghurt Griekse stijl,""€0,79"",NEE,3.3 g,4.2 g,10.0 g,498.0 kJ (120.0 kcal),https://www.ah.nl/producten/product/wi438678/ah-yoghurt-griekse-stijl,https://static.ah.nl/dam/product/AHI_4354523130313832373031?revLabel=1&rendition=800x800_JPG_Q90&fileType=binary,2025-12-15 14:26:20"
"AH Yoghurt Griekse stijl honing,""€2,49"",NEE,2.7 g,12.0 g,7.9 g,543.0 kJ (130.0 kcal),https://www.ah.nl/producten/product/wi583339/ah-yoghurt-griekse-stijl-honing,https://static.ah.nl/dam/product/AHI_4354523130313839343031?revLabel=1&rendition=800x800_JPG_Q90&fileType=binary,2025-12-15 14:26:23"
"Optimel Yoghurt bosvruchten,""€2,49"",NEE,3.4 g,4.8 g,0.0 g,158.0 kJ (37.0 kcal),https://www.ah.nl/producten/product/wi114816/optimel-yoghurt-bosvruchten,https://static.ah.nl/dam/product/AHI_496d772d525f543654546d3552725747476357753067?revLabel=1&rendition=800x800_JPG_Q90&fileType=binary,2025-12-15 14:26:26"
"Den Eelder Boeren volle yoghurt,""€2,19"",NEE,3.5 g,4.0 g,4.0 g,267.0 kJ (64.0 kcal),https://www.ah.nl/producten/product/wi233527/den-eelder-boeren-volle-yoghurt,https://static.ah.nl/dam/product/AHI_43545239393739363338?revLabel=1&rendition=800x800_JPG_Q90&fileType=binary,2025-12-15 14:26:29"
"Dodoni Griekse yoghurt 5% vet,""€4,99"",NEE,7.9 g,2.8 g,5.0 g,367.0 kJ (88.0 kcal),https://www.ah.nl/producten/product/wi575467/dodoni-griekse-yoghurt-5-vet,https://static.ah.nl/dam/product/AHI_4c53784339436d5551372d35516e6e5a66364f6d5267?revLabel=1&rendition=800x800_JPG_Q90&fileType=binary,2025-12-15 14:26:32"
"AH Terra Plantaardig kokos gurt ongezoet,""€2,29"",NEE,1.6 g,1.4 g,17.0 g,689.0 kJ (167.0 kcal),https://www.ah.nl/producten/product/wi604342/ah-terra-plantaardig-kokos-gurt-ongezoet,https://static.ah.nl/dam/product/AHI_574961526e6d635052363655647653775331465f5651?revLabel=1&rendition=800x800_JPG_Q90&fileType=binary,2025-12-15 14:26:36"
"Campina Yoghurt Griekse stijl 2%,""€3,39"",NEE,6.4 g,4.1 g,2.0 g,267.0 kJ (63.0 kcal),https://www.ah.nl/producten/product/wi498204/campina-yoghurt-griekse-stijl-2,https://static.ah.nl/dam/product/AHI_4354523130313938313937?revLabel=1&rendition=800x800_JPG_Q90&fileType=binary,2025-12-15 14:26:40"
"Arla Biologisch halfvolle yoghurt,""€1,99"",NEE,4.0 g,4.5 g,1.5 g,215.0 kJ (51.0 kcal),https://www.ah.nl/producten/product/wi212539,https://static.ah.nl/dam/product/AHI_4354523130313535393334?revLabel=2&rendition=800x800_JPG_Q90&fileType=binary,2025-12-15 14:26:43"
"Campina Magere yoghurt,""€1,69"",NEE,4.4 g,3.7 g,0.0 g,161.0 kJ (38.0 kcal),https://www.ah.nl/producten/product/wi221095,https://static.ah.nl/dam/product/AHI_38523874755f56795347713544454a7931464a494c41?revLabel=1&rendition=800x800_JPG_Q90&fileType=binary,2025-12-15 14:26:46"
"Arla Lactofree halfvolle yoghurt,""€2,49"",NEE,4.3 g,2.2 g,1.5 g,179.0 kJ (42.0 kcal),https://www.ah.nl/producten/product/wi212525,https://static.ah.nl/dam/product/AHI_79516a367446715f536e714e714939754d30684d6151?revLabel=1&rendition=800x800_JPG_Q90&fileType=binary,2025-12-15 14:26:49"
"Zuivelhoeve Boer'n yoghurt bosvruchten,""€3,29"",NEE,4.4 g,8.9 g,3.6 g,362.0 kJ (86.0 kcal),https://www.ah.nl/producten/product/wi550134/zuivelhoeve-boer-n-yoghurt-bosvruchten,https://static.ah.nl/dam/product/AHI_43545239393235363539?revLabel=1&rendition=800x800_JPG_Q90&fileType=binary,2025-12-15 14:26:52"
"De Zaanse Hoeve Yoghurt Griekse stijl vanillesmaak,""€2,49"",NEE,6.0 g,9.4 g,2.0 g,336.0 kJ (80.0 kcal),https://www.ah.nl/producten/product/wi570914/de-zaanse-hoeve-yoghurt-griekse-stijl-vanillesmaak,https://static.ah.nl/dam/product/AHI_4354523130313836393530?revLabel=1&rendition=800x800_JPG_Q90&fileType=binary,2025-12-15 14:26:55"
"AH Yoghurt Griekse stijl 10% vet,""€1,99"",NEE,4.5 g,3.5 g,10.0 g,506.0 kJ (122.0 kcal),https://www.ah.nl/producten/product/wi419839/ah-yoghurt-griekse-stijl-10-vet,https://static.ah.nl/dam/product/AHI_4354523130313834383535?revLabel=1&rendition=800x800_JPG_Q90&fileType=binary,2025-12-15 14:26:58"
"Almhof Volle kwark spaanse sinaasappel,""€2,99"",JA,5.6 g,14.2 g,5.4 g,547.0 kJ (130.0 kcal),https://www.ah.nl/producten/product/wi187533/almhof-volle-kwark-spaanse-sinaasappel,https://static.ah.nl/dam/product/AHI_4d466d315667594d537171556465567668686d362d77?revLabel=1&rendition=800x800_JPG_Q90&fileType=binary,2025-12-15 14:27:00"
"Campina Magere milde kwark vanille voordeelpak,""€3,69"",JA,9.0 g,7.3 g,0.1 g,294.0 kJ (69.0 kcal),https://www.ah.nl/producten/product/wi555453/campina-magere-milde-kwark-vanille-voordeelpak,https://static.ah.nl/dam/product/AHI_4354523130313036353737?revLabel=1&rendition=800x800_JPG_Q90&fileType=binary,2025-12-15 14:27:03"
"De Zaanse Hoeve Magere kwark,""€1,99"",NEE,8.5 g,4.0 g,0.0 g,213.0 kJ (50.0 kcal),https://www.ah.nl/producten/product/wi458995/de-zaanse-hoeve-magere-kwark,https://static.ah.nl/dam/product/AHI_43545239363737303234?revLabel=1&rendition=800x800_JPG_Q90&fileType=binary,2025-12-15 14:27:07"
"AH Magere kwark,""€2,49"",NEE,9.0 g,4.0 g,0.0 g,221.0 kJ (52.0 kcal),https://www.ah.nl/producten/product/wi231878/ah-magere-kwark,https://static.ah.nl/dam/product/AHI_4354523130303532353433?revLabel=1&rendition=800x800_JPG_Q90&fileType=binary,2025-12-15 14:27:10"
"AH Biologisch Magere kwark,""€1,65"",NEE,9.6 g,3.7 g,0.07 g,229.0 kJ (54.0 kcal),https://www.ah.nl/producten/product/wi114817/ah-biologisch-magere-kwark,https://static.ah.nl/dam/product/AHI_43545239363737303532?revLabel=1&rendition=800x800_JPG_Q90&fileType=binary,2025-12-15 14:27:13"
"Campina Volle kwark naturel voordeelpak,""€3,99"",JA,8.5 g,2.8 g,8.8 g,531.0 kJ (127.0 kcal),https://www.ah.nl/producten/product/wi498201,https://static.ah.nl/dam/product/AHI_4354523130313036353933?revLabel=1&rendition=800x800_JPG_Q90&fileType=binary,2025-12-15 14:27:16"
"AH Magere kwark,""€1,49"",NEE,9.0 g,4.0 g,0.0 g,221.0 kJ (52.0 kcal),https://www.ah.nl/producten/product/wi63453/ah-magere-kwark,https://static.ah.nl/dam/product/AHI_4354523130303236303732?revLabel=1&rendition=800x800_JPG_Q90&fileType=binary,2025-12-15 14:27:19"
"De Zaanse Hoeve Volle kwark,""€1,55"",NEE,7.1 g,3.8 g,7.9 g,478.0 kJ (115.0 kcal),https://www.ah.nl/producten/product/wi451700/de-zaanse-hoeve-volle-kwark,https://static.ah.nl/dam/product/AHI_4354523130313836343633?revLabel=1&rendition=800x800_JPG_Q90&fileType=binary,2025-12-15 14:27:23"
"AH Biologisch Volle kwark,""€1,89"",NEE,7.0 g,3.5 g,6.5 g,419.0 kJ (101.0 kcal),https://www.ah.nl/producten/product/wi396393/ah-biologisch-volle-kwark,https://static.ah.nl/dam/product/AHI_4354523130313835383834?revLabel=1&rendition=800x800_JPG_Q90&fileType=binary,2025-12-15 14:27:28"
"AH Magere kwark met magere yoghurt aardbei,""€1,59"",NEE,6.4 g,3.6 g,0.2 g,178.0 kJ (42.0 kcal),https://www.ah.nl/producten/product/wi585909/ah-magere-kwark-met-magere-yoghurt-aardbei,https://static.ah.nl/dam/product/AHI_4354523130313838313138?revLabel=1&rendition=800x800_JPG_Q90&fileType=binary,2025-12-15 14:27:32"
"AH Magere kwark met magere yoghurt vanille,""€1,59"",NEE,6.4 g,3.4 g,0.2 g,174.0 kJ (41.0 kcal),https://www.ah.nl/producten/product/wi585910/ah-magere-kwark-met-magere-yoghurt-vanille,https://static.ah.nl/dam/product/AHI_4354523130313836323934?revLabel=1&rendition=800x800_JPG_Q90&fileType=binary,2025-12-15 14:27:35"
"AH Volle kwark,""€1,79"",NEE,8.0 g,4.0 g,8.0 g,500.0 kJ (120.0 kcal),https://www.ah.nl/producten/product/wi130184/ah-volle-kwark,https://static.ah.nl/dam/product/AHI_4354523130313934333937?revLabel=1&rendition=800x800_JPG_Q90&fileType=binary,2025-12-15 14:27:38"
"AH Halfvolle kwark,""€1,69"",NEE,7.5 g,3.9 g,3.0 g,305.0 kJ (73.0 kcal),https://www.ah.nl/producten/product/wi403752/ah-halfvolle-kwark,https://static.ah.nl/dam/product/AHI_4354523130303236303734?revLabel=1&rendition=800x800_JPG_Q90&fileType=binary,2025-12-15 14:27:41"
"AH Magere kwark mager yoghurt stracciatella,""€1,69"",NEE,6.6 g,3.4 g,0.5 g,189.0 kJ (45.0 kcal),https://www.ah.nl/producten/product/wi585911/ah-magere-kwark-mager-yoghurt-stracciatella,https://static.ah.nl/dam/product/AHI_4354523130313930373036?revLabel=1&rendition=800x800_JPG_Q90&fileType=binary,2025-12-15 14:27:44"
"Campina Magere milde kwark met vleugje vanille,""€2,09"",NEE,9.2 g,7.0 g,0.1 g,275.0 kJ (65.0 kcal),https://www.ah.nl/producten/product/wi387974/campina-magere-milde-kwark-met-vleugje-vanille,https://static.ah.nl/dam/product/AHI_4354523130313036363033?revLabel=1&rendition=800x800_JPG_Q90&fileType=binary,2025-12-15 14:27:48"
"Campina Volle milde kwark,""€2,29"",NEE,8.5 g,2.8 g,8.8 g,531.0 kJ (127.0 kcal),https://www.ah.nl/producten/product/wi407975/campina-volle-milde-kwark,https://static.ah.nl/dam/product/AHI_4354523130313036363036?revLabel=1&rendition=800x800_JPG_Q90&fileType=binary,2025-12-15 14:27:51"
"Almhof Volle kwark citroen,""€2,99"",NEE,5.7 g,12.6 g,5.6 g,531.0 kJ (127.0 kcal),https://www.ah.nl/producten/product/wi33720/almhof-volle-kwark-citroen,https://static.ah.nl/dam/product/AHI_7a366445326d4277525f474e746f4d324d6875575477?revLabel=1&rendition=800x800_JPG_Q90&fileType=binary,2025-12-15 14:27:54"
Zoek binnen Ah.nl | online bestellen | AH.nl,2,JA,,,,,https://www.ah.nl/producten/product/wi67683/danio-romige-kwark-vanille,,2025-12-15 14:27:57
Zoek binnen Ah.nl | online bestellen | AH.nl,2,JA,,,,,https://www.ah.nl/producten/product/wi475136/danio-romige-kwark-kers,,2025-12-15 14:28:01
"Optimel Magere kwark appel kaneel,""€2,59"",NEE,6.5 g,3.9 g,0.0 g,194.0 kJ (46.0 kcal),https://www.ah.nl/producten/product/wi166359/optimel-magere-kwark-appel-kaneel,https://static.ah.nl/dam/product/AHI_6873705f704b52645167474e2d4668724c426a6c5851?revLabel=1&rendition=800x800_JPG_Q90&fileType=binary,2025-12-15 14:28:04"
"AH Lactosevrije magere kwark,""€1,99"",NEE,8.5 g,3.6 g,0.2 g,213.0 kJ (50.0 kcal),https://www.ah.nl/producten/product/wi438670/ah-lactosevrije-magere-kwark,https://static.ah.nl/dam/product/AHI_764f5a7238724635536f65786a7732506155634f4e67?revLabel=1&rendition=800x800_JPG_Q90&fileType=binary,2025-12-15 14:28:07"
"Almhof Volle kwark aardbei,""€2,99"",NEE,5.7 g,13.0 g,5.5 g,536.0 kJ (128.0 kcal),https://www.ah.nl/producten/product/wi419867/almhof-volle-kwark-aardbei,https://static.ah.nl/dam/product/AHI_556648367a3765785169754f42456d37505572655367?revLabel=1&rendition=800x800_JPG_Q90&fileType=binary,2025-12-15 14:28:11"
"Campina Magere milde kwark naturel,""€1,99"",NEE,10.0 g,2.7 g,0.1 g,235.0 kJ (55.0 kcal),https://www.ah.nl/producten/product/wi387970,https://static.ah.nl/dam/product/AHI_4354523130313036363030?revLabel=1&rendition=800x800_JPG_Q90&fileType=binary,2025-12-15 14:28:14"
Zoek binnen Ah.nl | online bestellen | AH.nl,2,JA,,,,,https://www.ah.nl/producten/product/wi583281/danio-romige-kwark-mango-passievrucht,,2025-12-15 14:28:17
Zoek binnen Ah.nl | online bestellen | AH.nl,2,JA,,,,,https://www.ah.nl/producten/product/wi67681/danio-romige-kwark-perzik,,2025-12-15 14:28:20
"Optimel Magere kwark limited edtion,""€2,79"",NEE,6.8 g,3.7 g,0.0 g,197.0 kJ (46.0 kcal),https://www.ah.nl/producten/product/wi196082/optimel-magere-kwark-limited-edtion,https://static.ah.nl/dam/product/AHI_4354523130313531303736?revLabel=1&rendition=800x800_JPG_Q90&fileType=binary,2025-12-15 14:28:23"
"Almhof volle kwark variatie pakket,""€8,07"",JA,,,,,https://www.ah.nl/producten/product/wi597140/almhof-volle-kwark-variatie-pakket,https://static.ah.nl/dam/product/AHI_4354523130323039343331?revLabel=1&rendition=800x800_JPG_Q90&fileType=binary,2025-12-15 14:28:26"
"Campina Magere milde kwark naturel voordeelpak,""€3,49"",NEE,10.3 g,2.8 g,0.1 g,238.0 kJ (57.0 kcal),https://www.ah.nl/producten/product/wi429777,https://static.ah.nl/dam/product/AHI_4354523130313036363037?revLabel=1&rendition=800x800_JPG_Q90&fileType=binary,2025-12-15 14:28:29"
"AH Protein kwark met yoghurt perzik,""€1,99"",NEE,10.0 g,4.7 g,0.2 g,258.0 kJ (61.0 kcal),https://www.ah.nl/producten/product/wi585918/ah-protein-kwark-met-yoghurt-perzik,https://static.ah.nl/dam/product/AHI_4354523130313836333138?revLabel=1&rendition=800x800_JPG_Q90&fileType=binary,2025-12-15 14:28:31"
"AH Protein kwark met yoghurt framboos,""€1,99"",NEE,10.0 g,4.6 g,0.2 g,256.0 kJ (60.0 kcal),https://www.ah.nl/producten/product/wi585919/ah-protein-kwark-met-yoghurt-framboos,https://static.ah.nl/dam/product/AHI_4354523130313833343336?revLabel=1&rendition=800x800_JPG_Q90&fileType=binary,2025-12-15 14:28:34"
"Optimel Magere kwark aardbei,""€2,59"",NEE,6.6 g,4.1 g,0.0 g,217.0 kJ (51.0 kcal),https://www.ah.nl/producten/product/wi103004,https://static.ah.nl/dam/product/AHI_72417378784134475456435173306777693679567777?revLabel=1&rendition=800x800_JPG_Q90&fileType=binary,2025-12-15 14:28:40"
"AH Biogarde magere kwark,""€1,99"",NEE,8.5 g,3.0 g,0.1 g,199.0 kJ (47.0 kcal),https://www.ah.nl/producten/product/wi1508,https://static.ah.nl/dam/product/AHI_43545239363737303438?revLabel=1&rendition=800x800_JPG_Q90&fileType=binary,2025-12-15 14:28:43"
"Optimel Magere kwark bosbes,""€2,59"",NEE,6.6 g,4.4 g,0.0 g,222.0 kJ (52.0 kcal),https://www.ah.nl/producten/product/wi520128/optimel-magere-kwark-bosbes,https://static.ah.nl/dam/product/AHI_4a2d67362d45303154386d5267484839307138424f77?revLabel=1&rendition=800x800_JPG_Q90&fileType=binary,2025-12-15 14:28:49"
"Optimel Magere kwark stracciatella,""€2,59"",NEE,6.9 g,3.7 g,0.0 g,222.0 kJ (52.0 kcal),https://www.ah.nl/producten/product/wi498202/optimel-magere-kwark-stracciatella,https://static.ah.nl/dam/product/AHI_6f6644544446374553576d6a42486564444543417241?revLabel=1&rendition=800x800_JPG_Q90&fileType=binary,2025-12-15 14:28:52"
Zoek binnen Ah.nl | online bestellen | AH.nl,2,JA,,,,,https://www.ah.nl/producten/product/wi112211/danio-romige-kwark-bosbes,,2025-12-15 14:28:55
"Almhof Volle kwark vanille,""€2,99"",NEE,5.6 g,13.9 g,5.4 g,544.0 kJ (130.0 kcal),https://www.ah.nl/producten/product/wi33721/almhof-volle-kwark-vanille,https://static.ah.nl/dam/product/AHI_43784f5f646a6d555255717361376b76574973347541?revLabel=1&rendition=800x800_JPG_Q90&fileType=binary,2025-12-15 14:29:01"
"Dr. Oetker Kloppudding vanillesmaak,""€1,09"",NEE,3.2 g,16.0 g,1.5 g,386.0 kJ (91.0 kcal),https://www.ah.nl/producten/product/wi171335/dr-oetker-kloppudding-vanillesmaak,https://static.ah.nl/dam/product/AHI_4354523130313734383135?revLabel=1&rendition=800x800_JPG_Q90&fileType=binary,2025-12-15 14:29:03"
"AH Protein pudding vanille smaak,""€1,29"",NEE,10.0 g,5.5 g,1.5 g,319.0 kJ (76.0 kcal),https://www.ah.nl/producten/product/wi575532/ah-protein-pudding-vanille-smaak,https://static.ah.nl/dam/product/AHI_4354523130313930303639?revLabel=1&rendition=800x800_JPG_Q90&fileType=binary,2025-12-15 14:29:06"
"Dr. Oetker Kookpudding vanillesmaak,""€0,99"",NEE,3.1 g,17.0 g,1.4 g,389.0 kJ (92.0 kcal),https://www.ah.nl/producten/product/wi161334/dr-oetker-kookpudding-vanillesmaak,https://static.ah.nl/dam/product/AHI_4354523130313731383233?revLabel=1&rendition=800x800_JPG_Q90&fileType=binary,2025-12-15 14:29:09"
"Dr. Oetker Kookpudding chocolade,""€1,39"",NEE,5.0 g,27.0 g,2.2 g,625.0 kJ (148.0 kcal),https://www.ah.nl/producten/product/wi161333/dr-oetker-kookpudding-chocolade,https://static.ah.nl/dam/product/AHI_4354523130313731383231?revLabel=1&rendition=800x800_JPG_Q90&fileType=binary,2025-12-15 14:29:12"
"Mona Griesmeelpudding met rode bessensaus,""€2,49"",NEE,2.8 g,21.1 g,2.2 g,502.0 kJ (119.0 kcal),https://www.ah.nl/producten/product/wi3858,https://static.ah.nl/dam/product/AHI_765a494675475f4154676936746a734d7a5f766d4667?revLabel=1&rendition=800x800_JPG_Q90&fileType=binary,2025-12-15 14:29:15"
"Dr. Oetker Jelly pudding aardbeien,""€1,39"",NEE,0.0 g,15.0 g,0.0 g,257.0 kJ (60.0 kcal),https://www.ah.nl/producten/product/wi126850/dr-oetker-jelly-pudding-aardbeien,https://static.ah.nl/dam/product/AHI_4354523130313734383131?revLabel=1&rendition=800x800_JPG_Q90&fileType=binary,2025-12-15 14:29:19"
"AH Protein pudding karamelsmaak,""€1,29"",NEE,10.0 g,5.5 g,1.5 g,321.0 kJ (76.0 kcal),https://www.ah.nl/producten/product/wi556292/ah-protein-pudding-karamelsmaak,https://static.ah.nl/dam/product/AHI_4354523130313930323634?revLabel=1&rendition=800x800_JPG_Q90&fileType=binary,2025-12-15 14:29:21"
"Mona Vanillepudding met aardbeiensaus,""€2,49"",NEE,4.1 g,19.0 g,2.3 g,482.0 kJ (114.0 kcal),https://www.ah.nl/producten/product/wi212537,https://static.ah.nl/dam/product/AHI_71536a6a4c4e424e524d61727444735243636a465967?revLabel=1&rendition=800x800_JPG_Q90&fileType=binary,2025-12-15 14:29:27"
"AH Protein pudding chocoladesmaak,""€1,29"",NEE,10.0 g,5.5 g,1.5 g,325.0 kJ (77.0 kcal),https://www.ah.nl/producten/product/wi556293/ah-protein-pudding-chocoladesmaak,https://static.ah.nl/dam/product/AHI_4354523130313933383434?revLabel=1&rendition=800x800_JPG_Q90&fileType=binary,2025-12-15 14:29:30"
"Mona Pudding vanille met aardbeiensaus duo,""€1,99"",NEE,3.9 g,20.1 g,2.1 g,492.0 kJ (117.0 kcal),https://www.ah.nl/producten/product/wi193673,https://static.ah.nl/dam/product/AHI_4354523130303531363631?revLabel=1&rendition=800x800_JPG_Q90&fileType=binary,2025-12-15 14:29:34"
"Dr. Oetker Kookpudding frambozensmaak,""€1,29"",NEE,3.1 g,17.0 g,1.4 g,393.0 kJ (93.0 kcal),https://www.ah.nl/producten/product/wi171338/dr-oetker-kookpudding-frambozensmaak,https://static.ah.nl/dam/product/AHI_4354523130313731383234?revLabel=1&rendition=800x800_JPG_Q90&fileType=binary,2025-12-15 14:29:37"
"Koopmans Griesmeelpudding bitterkoekjes,""€1,29"",NEE,3.8 g,16.0 g,1.6 g,401.0 kJ (95.0 kcal),https://www.ah.nl/producten/product/wi505657/koopmans-griesmeelpudding-bitterkoekjes,https://static.ah.nl/dam/product/AHI_6a4249655f453961544b6d477a676658516f73413467?revLabel=1&rendition=800x800_JPG_Q90&fileType=binary,2025-12-15 14:29:41"
"Dr. Oetker Kloppudding karamel,""€1,15"",NEE,3.2 g,16.0 g,1.5 g,385.0 kJ (91.0 kcal),https://www.ah.nl/producten/product/wi171336/dr-oetker-kloppudding-karamel,https://static.ah.nl/dam/product/AHI_4354523130313734383033?revLabel=1&rendition=800x800_JPG_Q90&fileType=binary,2025-12-15 14:29:45"
"Mona Pudding griesmeel rode bessensaus duo,""€1,99"",NEE,2.7 g,21.4 g,2.1 g,501.0 kJ (119.0 kcal),https://www.ah.nl/producten/product/wi193675,https://static.ah.nl/dam/product/AHI_4b36574d357a4b4d52533261624a734b395f64794c67?revLabel=1&rendition=800x800_JPG_Q90&fileType=binary,2025-12-15 14:29:48"
"Koopmans Griesmeelpudding amandel,""€1,29"",NEE,3.9 g,16.0 g,1.6 g,399.0 kJ (94.0 kcal),https://www.ah.nl/producten/product/wi505658/koopmans-griesmeelpudding-amandel,https://static.ah.nl/dam/product/AHI_764e387664454c63524c794c6d6c596b655167384751?revLabel=1&rendition=800x800_JPG_Q90&fileType=binary,2025-12-15 14:29:51"
"HiPRO Pudding pistache,""€1,99"",NEE,10.0 g,6.2 g,0.8 g,305.0 kJ (72.0 kcal),https://www.ah.nl/producten/product/wi601532/hipro-pudding-pistache,https://static.ah.nl/dam/product/AHI_7173753856344f3954583671475341336f31786e4e67?revLabel=1&rendition=800x800_JPG_Q90&fileType=binary,2025-12-15 14:29:54"
"Dr. Oetker Kookpudding rum-rozijnen smaak,""€1,29"",NEE,3.1 g,18.0 g,1.4 g,417.0 kJ (98.0 kcal),https://www.ah.nl/producten/product/wi187440/dr-oetker-kookpudding-rum-rozijnen-smaak,https://static.ah.nl/dam/product/AHI_4354523130313731383232?revLabel=1&rendition=800x800_JPG_Q90&fileType=binary,2025-12-15 14:29:57"
"Melkunie Protein crème brûlée,""€1,79"",NEE,10.0 g,7.7 g,1.5 g,308.0 kJ (73.0 kcal),https://www.ah.nl/producten/product/wi595148/melkunie-protein-cre%CC%80me-bru%CC%82le%CC%81e,https://static.ah.nl/dam/product/AHI_64614849586f626651543655336959484d7579596867?revLabel=1&rendition=800x800_JPG_Q90&fileType=binary,2025-12-15 14:30:00"
"Lindahls Protein pudding vanillesmaak,""€1,49"",NEE,10.3 g,7.2 g,0.2 g,304.0 kJ (72.0 kcal),https://www.ah.nl/producten/product/wi520126/lindahls-protein-pudding-vanillesmaak,https://static.ah.nl/dam/product/AHI_417273314c587a4651642d65776d4833626c53697067?revLabel=1&rendition=800x800_JPG_Q90&fileType=binary,2025-12-15 14:30:03"
"Koopmans Griesmeelpudding vanillesmaak,""€1,29"",NEE,3.9 g,15.0 g,1.5 g,387.0 kJ (91.0 kcal),https://www.ah.nl/producten/product/wi505656/koopmans-griesmeelpudding-vanillesmaak,https://static.ah.nl/dam/product/AHI_5864745935755f31546b656c717563634152326d5077?revLabel=1&rendition=800x800_JPG_Q90&fileType=binary,2025-12-15 14:30:09"
"HiPRO Protein pudding karamel,""€1,99"",NEE,10.0 g,6.2 g,0.8 g,319.0 kJ (75.0 kcal),https://www.ah.nl/producten/product/wi556394,https://static.ah.nl/dam/product/AHI_4354523130313534323034?revLabel=1&rendition=800x800_JPG_Q90&fileType=binary,2025-12-15 14:30:15"
"HiPRO Protein pudding chocolade hazelnoot,""€1,99"",NEE,10.2 g,6.3 g,0.9 g,320.0 kJ (76.0 kcal),https://www.ah.nl/producten/product/wi556395,https://static.ah.nl/dam/product/AHI_4354523130313533373339?revLabel=1&rendition=800x800_JPG_Q90&fileType=binary,2025-12-15 14:30:20"
"Melkunie Protein chocolade pudding 3-pack,""€5,37"",JA,,,,,https://www.ah.nl/producten/product/wi594677/melkunie-protein-chocolade-pudding-3-pack,https://static.ah.nl/dam/product/AHI_48353665385a6536544a75394f4a536f784c59386c67?revLabel=1&rendition=800x800_JPG_Q90&fileType=binary,2025-12-15 14:30:24"
"Freasy Bosvruchten chia pudding,""€4,99"",NEE,4.3 g,13.2 g,6.4 g,493.3 kJ (117.9 kcal),https://www.ah.nl/producten/product/wi582334/freasy-bosvruchten-chia-pudding,https://static.ah.nl/dam/product/AHI_785a4d37466c7838547957454e2d6768755f4f773867?revLabel=1&rendition=800x800_JPG_Q90&fileType=binary,2025-12-15 14:30:26"
"Melkunie Protein chocolade pudding,""€1,79"",NEE,10.0 g,7.7 g,1.5 g,318.0 kJ (75.0 kcal),https://www.ah.nl/producten/product/wi474603,https://static.ah.nl/dam/product/AHI_70336978476e34515342365163653275503070624941?revLabel=1&rendition=800x800_JPG_Q90&fileType=binary,2025-12-15 14:30:29"
"Alpro Protein pudding vanille smaak,""€2,39"",NEE,10.0 g,7.7 g,2.5 g,399.0 kJ (95.0 kcal),https://www.ah.nl/producten/product/wi556305,https://static.ah.nl/dam/product/AHI_52314a796654466a5346537136755f62365761454777?revLabel=1&rendition=800x800_JPG_Q90&fileType=binary,2025-12-15 14:30:32"
"Alpro Protein pudding chocolade smaak,""€2,39"",NEE,10.2 g,7.0 g,2.9 g,407.0 kJ (97.0 kcal),https://www.ah.nl/producten/product/wi556306,https://static.ah.nl/dam/product/AHI_4354523130313832353138?revLabel=1&rendition=800x800_JPG_Q90&fileType=binary,2025-12-15 14:30:35"
"AH Puddingkruimelvlaai half,""€4,99"",NEE,4.9 g,45.0 g,13.0 g,1339.0 kJ (319.0 kcal),https://www.ah.nl/producten/product/wi194376/ah-puddingkruimelvlaai-half,https://static.ah.nl/dam/product/AHI_4354523130313032343633?revLabel=1&rendition=800x800_JPG_Q90&fileType=binary,2025-12-15 14:30:38"
"AH Kristalsuiker,""€0,89"",NEE,0.0 g,100.0 g,0.0 g,1700.0 kJ (400.0 kcal),https://www.ah.nl/producten/product/wi511002/ah-kristalsuiker,https://static.ah.nl/dam/product/AHI_43545239383337393137?revLabel=1&rendition=800x800_JPG_Q90&fileType=binary,2025-12-15 14:30:41"
"AH Rinse appelstroop,""€0,89"",NEE,2.0 g,67.0 g,0.2 g,1216.0 kJ (287.0 kcal),https://www.ah.nl/producten/product/wi1593/ah-rinse-appelstroop,https://static.ah.nl/dam/product/AHI_4354523130303939353337?revLabel=1&rendition=800x800_JPG_Q90&fileType=binary,2025-12-15 14:30:44"
"AH Tarwebloem,""€0,85"",NEE,11.0 g,72.0 g,1.1 g,1480.0 kJ (349.0 kcal),https://www.ah.nl/producten/product/wi36783/ah-tarwebloem,https://static.ah.nl/dam/product/AHI_335f49554247394f526a367a4f524c546130646d7551?revLabel=1&rendition=800x800_JPG_Q90&fileType=binary,2025-12-15 14:30:47"
"Van Gilse Poedersuiker,""€1,05"",NEE,0.0 g,99.0 g,0.0 g,1685.0 kJ (396.0 kcal),https://www.ah.nl/producten/product/wi187619/van-gilse-poedersuiker,https://static.ah.nl/dam/product/AHI_5f44747566764936524f6d69554d614d677757716d41?revLabel=1&rendition=800x800_JPG_Q90&fileType=binary,2025-12-15 14:30:50"
"Almhof Chocolade mousse,""€1,59"",JA,5.3 g,24.8 g,6.3 g,750.0 kJ (178.0 kcal),https://www.ah.nl/producten/product/wi238023/almhof-chocolade-mousse,https://static.ah.nl/dam/product/AHI_4579466c416a5a5854676958537463396474784b7741?revLabel=1&rendition=800x800_JPG_Q90&fileType=binary,2025-12-15 14:30:52"
"Almhof Yoghurt mousse aardbei,""€1,79"",JA,4.4 g,14.5 g,6.4 g,570.0 kJ (136.0 kcal),https://www.ah.nl/producten/product/wi595149/almhof-yoghurt-mousse-aardbei,https://static.ah.nl/dam/product/AHI_56424d6e2d44645a545461597159724e367431757477?revLabel=1&rendition=800x800_JPG_Q90&fileType=binary,2025-12-15 14:30:56"
Zoek binnen Ah.nl | online bestellen | AH.nl,2,JA,,,,,https://www.ah.nl/producten/product/wi602151/ah-excellent-romige-mousse-vanillesmaak,,2025-12-15 14:30:59
Zoek binnen Ah.nl | online bestellen | AH.nl,2,JA,,,,,https://www.ah.nl/producten/product/wi602153/ah-excellent-romige-mousse-framboos,,2025-12-15 14:31:02
"AH Excellent Pure chocolade mousse,""€3,99"",NEE,4.3 g,19.0 g,31.0 g,1562.0 kJ (377.0 kcal),https://www.ah.nl/producten/product/wi539790/ah-excellent-pure-chocolade-mousse,https://static.ah.nl/dam/product/AHI_4354523130313935323937?revLabel=1&rendition=800x800_JPG_Q90&fileType=binary,2025-12-15 14:31:05"
"Almhof Yoghurt mousse perzik maracuja,""€1,79"",JA,4.5 g,14.9 g,6.6 g,587.0 kJ (140.0 kcal),https://www.ah.nl/producten/product/wi595150/almhof-yoghurt-mousse-perzik-maracuja,https://static.ah.nl/dam/product/AHI_56544a7873794669514c75524c46526c6c6c6a615467?revLabel=1&rendition=800x800_JPG_Q90&fileType=binary,2025-12-15 14:31:09"
"AH Excellent Witte chocolade mousse,""€3,99"",NEE,4.1 g,19.0 g,24.0 g,1281.0 kJ (308.0 kcal),https://www.ah.nl/producten/product/wi539789/ah-excellent-witte-chocolade-mousse,https://static.ah.nl/dam/product/AHI_4354523130313838333330?revLabel=1&rendition=800x800_JPG_Q90&fileType=binary,2025-12-15 14:31:16"
Zoek binnen Ah.nl | online bestellen | AH.nl,12,JA,,,,,https://www.ah.nl/producten/product/wi551208/arthur-metz-cremant-d-alsace,,2025-12-15 14:31:19
"AH Protein mousse chocoladesmaak,""€1,39"",NEE,10.0 g,5.0 g,1.6 g,322.0 kJ (76.0 kcal),https://www.ah.nl/producten/product/wi556294/ah-protein-mousse-chocoladesmaak,https://static.ah.nl/dam/product/AHI_4354523130313934363831?revLabel=1&rendition=800x800_JPG_Q90&fileType=binary,2025-12-15 14:31:21"
"AH Chocolade mousse puur,""€1,69"",NEE,5.2 g,23.0 g,6.6 g,741.0 kJ (177.0 kcal),https://www.ah.nl/producten/product/wi196212/ah-chocolade-mousse-puur,https://static.ah.nl/dam/product/AHI_55546a564a72596a52434b4a37525a4e4338635a3341?revLabel=1&rendition=800x800_JPG_Q90&fileType=binary,2025-12-15 14:31:24"
"AH Excellent Mousse chocolate fudge brownie,""€2,49"",NEE,1.7 g,23.0 g,22.0 g,1236.0 kJ (297.0 kcal),https://www.ah.nl/producten/product/wi583337/ah-excellent-mousse-chocolate-fudge-brownie,https://static.ah.nl/dam/product/AHI_4354523130313138373435?revLabel=1&rendition=800x800_JPG_Q90&fileType=binary,2025-12-15 14:31:27"
"Villa Rosa Prosecco,""€6,29"",JA,,,,,https://www.ah.nl/producten/product/wi370595/villa-rosa-prosecco,https://static.ah.nl/dam/product/AHI_4354523130313838343033?revLabel=1&rendition=800x800_JPG_Q90&fileType=binary,2025-12-15 14:31:30"
"Pommery Champagne Brut Royal,""€43,99"",JA,,,,,https://www.ah.nl/producten/product/wi160572/pommery-champagne-brut-royal,https://static.ah.nl/dam/product/AHI_5f6a6178357343675177473955466e77352d4d495f51?revLabel=1&rendition=800x800_JPG_Q90&fileType=binary,2025-12-15 14:31:32"
"Leitz Motiv sparkling white,""€11,49"",JA,,,,,https://www.ah.nl/producten/product/wi510896/leitz-motiv-sparkling-white,https://static.ah.nl/dam/product/AHI_4354523130313935323932?revLabel=1&rendition=800x800_JPG_Q90&fileType=binary,2025-12-15 14:31:35"
Zoek binnen Ah.nl | online bestellen | AH.nl,12,JA,,,,,https://www.ah.nl/producten/product/wi599731/hola-mediterraneo-lantarn-brut,,2025-12-15 14:31:38
"Perfetto Aperitivo Italiano 0%,""€3,99"",NEE,0.0 g,14.5 g,0.0 g,252.0 kJ (59.0 kcal),https://www.ah.nl/producten/product/wi603126/perfetto-aperitivo-italiano-0,https://static.ah.nl/dam/product/AHI_654e69454d7353735361364558674c54735548625641?revLabel=1&rendition=800x800_JPG_Q90&fileType=binary,2025-12-15 14:31:41"
Zoek binnen Ah.nl | online bestellen | AH.nl,8,JA,,,,,https://www.ah.nl/producten/product/wi385217/barrels-and-drums-sparkling-alcoholvrij,,2025-12-15 14:31:44
"Solatio Vino frizzante prosecco doc,""€3,99"",NEE,0.0 g,1.2 g,0.0 g,261.0 kJ (63.0 kcal),https://www.ah.nl/producten/product/wi365695/solatio-vino-frizzante-prosecco-doc,https://static.ah.nl/dam/product/AHI_43545239383438363531?revLabel=1&rendition=800x800_JPG_Q90&fileType=binary,2025-12-15 14:31:46"
"Free Feather Sparkling alcoholvrij,""€4,29"",NEE,0.0 g,6.8 g,0.0 g,123.0 kJ (29.0 kcal),https://www.ah.nl/producten/product/wi479065,https://static.ah.nl/dam/product/AHI_43545239363532393735?revLabel=1&rendition=800x800_JPG_Q90&fileType=binary,2025-12-15 14:31:49"
"Codorníu Clasico cava brut,""€7,99"",NEE,,,,,https://www.ah.nl/producten/product/wi171617,https://static.ah.nl/dam/product/AHI_4354523130313932313531?revLabel=1&rendition=800x800_JPG_Q90&fileType=binary,2025-12-15 14:31:53"
"Almhof Plantaardig chocolade mousse,""€2,79"",NEE,1.9 g,19.1 g,12.0 g,837.0 kJ (200.0 kcal),https://www.ah.nl/producten/product/wi533095/almhof-plantaardig-chocolade-mousse,https://static.ah.nl/dam/product/AHI_334f716e375659755331757933704c6d636268667441?revLabel=1&rendition=800x800_JPG_Q90&fileType=binary,2025-12-15 14:31:57"
Zoek binnen Ah.nl | online bestellen | AH.nl,13,JA,,,,,https://www.ah.nl/producten/product/wi154425/ca-marina-prosecco,,2025-12-15 14:32:00
"AH Witte chocolade mousse,""€1,55"",NEE,5.5 g,20.0 g,25.0 g,1363.0 kJ (328.0 kcal),https://www.ah.nl/producten/product/wi556371,https://static.ah.nl/dam/product/AHI_4354523130313837363338?revLabel=1&rendition=800x800_JPG_Q90&fileType=binary,2025-12-15 14:32:03"
Zoek binnen Ah.nl | online bestellen | AH.nl,6,JA,,,,,https://www.ah.nl/producten/product/wi588338/studio-line-fix-en-shine-mousse-very-strong,,2025-12-15 14:32:08
"AH Mousse koffie,""€1,55"",NEE,5.5 g,20.0 g,24.0 g,1326.0 kJ (319.0 kcal),https://www.ah.nl/producten/product/wi438731,https://static.ah.nl/dam/product/AHI_43545239393033323439?revLabel=1&rendition=800x800_JPG_Q90&fileType=binary,2025-12-15 14:32:11"
Zoek binnen Ah.nl | online bestellen | AH.nl,8,JA,,,,,https://www.ah.nl/producten/product/wi126066/syoss-styling-mousse-curl-control,,2025-12-15 14:32:16
"AH Terra Plantaardig dessert chocolade mousse,""€1,39"",NEE,2.3 g,25.0 g,21.0 g,1260.0 kJ (303.0 kcal),https://www.ah.nl/producten/product/wi515725/ah-terra-plantaardig-dessert-chocolade-mousse,https://static.ah.nl/dam/product/AHI_4354523130313034383038?revLabel=1&rendition=800x800_JPG_Q90&fileType=binary,2025-12-15 14:32:18"
"Antonin Rodet Cremant de bourgogne brut,""€11,99"",NEE,,,,,https://www.ah.nl/producten/product/wi194765,https://static.ah.nl/dam/product/AHI_4354523130313833303035?revLabel=1&rendition=800x800_JPG_Q90&fileType=binary,2025-12-15 14:32:21"
"Etos Styling mousse mega strong,""€1,89"",NEE,,,,,https://www.ah.nl/producten/product/wi402793/etos-styling-mousse-mega-strong,https://static.ah.nl/dam/product/AHI_43545239373131383835?revLabel=1&rendition=800x800_JPG_Q90&fileType=binary,2025-12-15 14:32:24"
"AH Excellent Mousse caramel crunch,""€2,49"",NEE,2.6 g,27.0 g,23.0 g,1355.0 kJ (326.0 kcal),https://www.ah.nl/producten/product/wi583325/ah-excellent-mousse-caramel-crunch,https://static.ah.nl/dam/product/AHI_4354523130313138373436?revLabel=1&rendition=800x800_JPG_Q90&fileType=binary,2025-12-15 14:32:27"
"Hola! Sparkling brut alcoholvrij,""€6,99"",NEE,0.0 g,5.5 g,0.0 g,99.0 kJ (23.0 kcal),https://www.ah.nl/producten/product/wi560572,https://static.ah.nl/dam/product/AHI_4354523130313839353935?revLabel=1&rendition=800x800_JPG_Q90&fileType=binary,2025-12-15 14:32:30"
"Castel Boglione Asti,""€5,49"",NEE,,,,,https://www.ah.nl/producten/product/wi440891,https://static.ah.nl/dam/product/AHI_4354523130313930303138?revLabel=1&rendition=800x800_JPG_Q90&fileType=binary,2025-12-15 14:32:33"
"Faber Sparkling White alcoholvrij,""€5,39"",JA,,,,,https://www.ah.nl/producten/product/wi221927/faber-sparkling-white-alcoholvrij,https://static.ah.nl/dam/product/AHI_6438674e3852517854555768307934486f6e49385751?revLabel=1&rendition=800x800_JPG_Q90&fileType=binary,2025-12-15 14:32:37"
"Viverty Sparkling wit alcoholvrij,""€5,29"",NEE,0.0 g,5.5 g,0.0 g,99.0 kJ (24.0 kcal),https://www.ah.nl/producten/product/wi401917,https://static.ah.nl/dam/product/AHI_43545239393630373236?revLabel=1&rendition=800x800_JPG_Q90&fileType=binary,2025-12-15 14:32:40"
Zoek binnen Ah.nl | online bestellen | AH.nl,9,JA,,,,,https://www.ah.nl/producten/product/wi494523,,2025-12-15 14:32:43
"Etos Styling mousse curl,""€2,99"",NEE,,,,,https://www.ah.nl/producten/product/wi402794/etos-styling-mousse-curl,https://static.ah.nl/dam/product/AHI_43545239373131383936?revLabel=1&rendition=800x800_JPG_Q90&fileType=binary,2025-12-15 14:32:46"
"AH Meal shake chocoladesmaak,""€2,49"",NEE,6.9 g,6.3 g,4.8 g,416.0 kJ (100.0 kcal),https://www.ah.nl/producten/product/wi594107/ah-meal-shake-chocoladesmaak,https://static.ah.nl/dam/product/AHI_78454b4d71425f685174755a4168794c736962776367?revLabel=1&rendition=800x800_JPG_Q90&fileType=binary,2025-12-15 14:32:49"
"AH Meal shake vanillesmaak,""€2,49"",NEE,7.0 g,7.1 g,4.9 g,435.0 kJ (104.0 kcal),https://www.ah.nl/producten/product/wi594113/ah-meal-shake-vanillesmaak,https://static.ah.nl/dam/product/AHI_734658555f663375516f43624631506a7553744c4267?revLabel=1&rendition=800x800_JPG_Q90&fileType=binary,2025-12-15 14:32:51"
"AH Meal shake aardbeismaak,""€2,49"",NEE,7.0 g,7.5 g,4.8 g,439.0 kJ (105.0 kcal),https://www.ah.nl/producten/product/wi594078/ah-meal-shake-aardbeismaak,https://static.ah.nl/dam/product/AHI_6a596467494f46665338793373647a38424951695777?revLabel=1&rendition=800x800_JPG_Q90&fileType=binary,2025-12-15 14:32:54"
"Optimum Nutrition High protein shake vanilla,""€2,99"",NEE,7.6 g,4.0 g,0.1 g,203.0 kJ (48.0 kcal),https://www.ah.nl/producten/product/wi576486/optimum-nutrition-high-protein-shake-vanilla,https://static.ah.nl/dam/product/AHI_6459487176527544546d4b67777a6f79665376737567?revLabel=1&rendition=800x800_JPG_Q90&fileType=binary,2025-12-15 14:32:58"
"AH Whey protein shake vanillesmaak,""€6,89"",NEE,69.0 g,14.0 g,4.4 g,1579.0 kJ (373.0 kcal),https://www.ah.nl/producten/product/wi556846/ah-whey-protein-shake-vanillesmaak,https://static.ah.nl/dam/product/AHI_3478415131484867527443796e48434b454d637a5641?revLabel=1&rendition=800x800_JPG_Q90&fileType=binary,2025-12-15 14:33:01"
"Bol Power shake bosbessen,""€3,99"",NEE,6.1 g,4.8 g,2.8 g,306.0 kJ (73.0 kcal),https://www.ah.nl/producten/product/wi601554/bol-power-shake-bosbessen,https://static.ah.nl/dam/product/AHI_645543747073756653616965735633796d5a58635241?revLabel=1&rendition=800x800_JPG_Q90&fileType=binary,2025-12-15 14:33:04"
"Upfront Eiwit milkshake vanille smaak,""€2,29"",NEE,7.7 g,5.4 g,1.5 g,279.0 kJ (66.0 kcal),https://www.ah.nl/producten/product/wi586034/upfront-eiwit-milkshake-vanille-smaak,https://static.ah.nl/dam/product/AHI_4354523130313830323035?revLabel=1&rendition=800x800_JPG_Q90&fileType=binary,2025-12-15 14:33:09"
"Melkunie Protein chocolade shake,""€1,69"",NEE,8.1 g,6.3 g,1.2 g,280.0 kJ (73.0 kcal),https://www.ah.nl/producten/product/wi493103,https://static.ah.nl/dam/product/AHI_43545239393537343639?revLabel=4&rendition=800x800_JPG_Q90&fileType=binary,2025-12-15 14:33:12"
"Upfront Shaker,""€9,99"",NEE,,,,,https://www.ah.nl/producten/product/wi594286/upfront-shaker,https://static.ah.nl/dam/product/AHI_4354523130323038323233?revLabel=1&rendition=800x800_JPG_Q90&fileType=binary,2025-12-15 14:33:15"
"NXT Level Protein shake vanilla flavour,""€2,29"",NEE,7.5 g,3.9 g,0.1 g,202.0 kJ (48.0 kcal),https://www.ah.nl/producten/product/wi570882/nxt-level-protein-shake-vanilla-flavour,https://static.ah.nl/dam/product/AHI_4354523130313439353839?revLabel=1&rendition=800x800_JPG_Q90&fileType=binary,2025-12-15 14:33:18"
"Barebells Milkshake strawberry,""€3,09"",NEE,7.3 g,3.8 g,1.4 g,245.0 kJ (58.0 kcal),https://www.ah.nl/producten/product/wi518743/barebells-milkshake-strawberry,https://static.ah.nl/dam/product/AHI_43545239383533343330?revLabel=2&rendition=800x800_JPG_Q90&fileType=binary,2025-12-15 14:33:21"
"NXT Level Protein shake ice coffee flavour,""€2,29"",NEE,7.5 g,3.9 g,0.1 g,201.0 kJ (48.0 kcal),https://www.ah.nl/producten/product/wi570881/nxt-level-protein-shake-ice-coffee-flavour,https://static.ah.nl/dam/product/AHI_4354523130313439323339?revLabel=1&rendition=800x800_JPG_Q90&fileType=binary,2025-12-15 14:33:24"
"Optimum Nutrition High protein shake vanilla,""€3,99"",NEE,10.0 g,4.0 g,0.2 g,245.0 kJ (58.0 kcal),https://www.ah.nl/producten/product/wi576491/optimum-nutrition-high-protein-shake-vanilla,https://static.ah.nl/dam/product/AHI_4a466158626b696a52314f42486546753351364b6f51?revLabel=1&rendition=800x800_JPG_Q90&fileType=binary,2025-12-15 14:33:27"
"Müller Müllermilk milkshake aardbeismaak,""€1,99"",NEE,3.3 g,10.1 g,3.3 g,350.0 kJ (83.0 kcal),https://www.ah.nl/producten/product/wi550193/mu%CC%88ller-mu%CC%88llermilk-milkshake-aardbeismaak,https://static.ah.nl/dam/product/AHI_4354523130323038323937?revLabel=1&rendition=800x800_JPG_Q90&fileType=binary,2025-12-15 14:33:30"
"Upfront Whey milkshake vanille,""€14,99"",NEE,74.0 g,5.6 g,6.8 g,1673.0 kJ (396.0 kcal),https://www.ah.nl/producten/product/wi584831/upfront-whey-milkshake-vanille,https://static.ah.nl/dam/product/AHI_4354523130313432303132?revLabel=1&rendition=800x800_JPG_Q90&fileType=binary,2025-12-15 14:33:33"
"Melkunie Protein aardbei & framboos shake,""€1,69"",NEE,9.0 g,6.5 g,1.6 g,322.0 kJ (76.0 kcal),https://www.ah.nl/producten/product/wi415701/melkunie-protein-aardbei-en-framboos-shake,https://static.ah.nl/dam/product/AHI_43545239393430313339?revLabel=4&rendition=800x800_JPG_Q90&fileType=binary,2025-12-15 14:33:36"
"NXT Level Protein shake banana flavour,""€2,35"",NEE,7.6 g,3.0 g,0.1 g,188.0 kJ (45.0 kcal),https://www.ah.nl/producten/product/wi584832/nxt-level-protein-shake-banana-flavour,https://static.ah.nl/dam/product/AHI_4354523130313636373031?revLabel=1&rendition=800x800_JPG_Q90&fileType=binary,2025-12-15 14:33:40"
"NXT Level Protein shake chocolate flavour,""€2,35"",NEE,7.6 g,4.1 g,0.3 g,212.0 kJ (51.0 kcal),https://www.ah.nl/producten/product/wi584833/nxt-level-protein-shake-chocolate-flavour,https://static.ah.nl/dam/product/AHI_4354523130313439323336?revLabel=1&rendition=800x800_JPG_Q90&fileType=binary,2025-12-15 14:33:43"
"Optimum Nutrition Shakebeker,""€12,99"",NEE,,,,,https://www.ah.nl/producten/product/wi576763/optimum-nutrition-shakebeker,https://static.ah.nl/dam/product/AHI_4e502d725065774e5142537938323061616b52475377?revLabel=1&rendition=800x800_JPG_Q90&fileType=binary,2025-12-15 14:33:46"
"Optimum Nutrition High protein shake chocolate,""€3,99"",NEE,10.0 g,4.8 g,0.4 g,264.0 kJ (63.0 kcal),https://www.ah.nl/producten/product/wi576492/optimum-nutrition-high-protein-shake-chocolate,https://static.ah.nl/dam/product/AHI_5f6e466738413245526e43376239464854476c494c51?revLabel=1&rendition=800x800_JPG_Q90&fileType=binary,2025-12-15 14:33:49"
"Barebells Milkshake vanilla,""€3,09"",NEE,7.3 g,3.8 g,1.4 g,245.0 kJ (58.0 kcal),https://www.ah.nl/producten/product/wi518739/barebells-milkshake-vanilla,https://static.ah.nl/dam/product/AHI_43545239383533343430?revLabel=2&rendition=800x800_JPG_Q90&fileType=binary,2025-12-15 14:33:52"
"Optimum Nutrition High protein shake strawberry,""€2,99"",NEE,7.6 g,4.0 g,0.1 g,203.0 kJ (48.0 kcal),https://www.ah.nl/producten/product/wi576494/optimum-nutrition-high-protein-shake-strawberry,https://static.ah.nl/dam/product/AHI_5852324d737047635345692d694535556656416e3077?revLabel=1&rendition=800x800_JPG_Q90&fileType=binary,2025-12-15 14:33:58"
"Optimum Nutrition High protein shake strawberry,""€3,99"",NEE,10.0 g,4.0 g,0.2 g,245.0 kJ (58.0 kcal),https://www.ah.nl/producten/product/wi576493/optimum-nutrition-high-protein-shake-strawberry,https://static.ah.nl/dam/product/AHI_6e4538445131484154547151764867696f425f477851?revLabel=1&rendition=800x800_JPG_Q90&fileType=binary,2025-12-15 14:34:01"
"AH Whey Protein en shaker pakket,""€19,88"",NEE,,,,,https://www.ah.nl/producten/product/wi580580/ah-whey-protein-en-shaker-pakket,https://static.ah.nl/dam/product/AHI_4354523130313036323331?revLabel=1&rendition=800x800_JPG_Q90&fileType=binary,2025-12-15 14:34:04"
"Barebells Milkshake chocolate,""€3,09"",NEE,7.3 g,3.6 g,1.3 g,240.0 kJ (57.0 kcal),https://www.ah.nl/producten/product/wi518767/barebells-milkshake-chocolate,https://static.ah.nl/dam/product/AHI_43545239383533343431?revLabel=2&rendition=800x800_JPG_Q90&fileType=binary,2025-12-15 14:34:07"
"Bol Power shake vanille,""€3,99"",NEE,6.1 g,5.5 g,2.7 g,309.0 kJ (74.0 kcal),https://www.ah.nl/producten/product/wi601552/bol-power-shake-vanille,https://static.ah.nl/dam/product/AHI_6447723946623132543653447537384e755871577577?revLabel=1&rendition=800x800_JPG_Q90&fileType=binary,2025-12-15 14:34:09"
"AH Whey protein shake chocolade,""€6,89"",NEE,68.0 g,11.0 g,5.3 g,1567.0 kJ (371.0 kcal),https://www.ah.nl/producten/product/wi556847/ah-whey-protein-shake-chocolade,https://static.ah.nl/dam/product/AHI_53446e6f6a7153795133433158423964667259682d51?revLabel=1&rendition=800x800_JPG_Q90&fileType=binary,2025-12-15 14:34:12"
"Optimum Nutrition High protein shake chocolate,""€2,99"",NEE,7.6 g,5.4 g,0.3 g,238.0 kJ (56.0 kcal),https://www.ah.nl/producten/product/wi576487/optimum-nutrition-high-protein-shake-chocolate,https://static.ah.nl/dam/product/AHI_4d5573414d4c757a544b7551335756597a4674717951?revLabel=1&rendition=800x800_JPG_Q90&fileType=binary,2025-12-15 14:34:15"
"Müller Müllermilk milkshake vanille,""€1,99"",NEE,3.3 g,9.7 g,3.3 g,345.0 kJ (82.0 kcal),https://www.ah.nl/producten/product/wi550194/mu%CC%88ller-mu%CC%88llermilk-milkshake-vanille,https://static.ah.nl/dam/product/AHI_4354523130323038333030?revLabel=1&rendition=800x800_JPG_Q90&fileType=binary,2025-12-15 14:34:18"
"Upfront Eiwit milkshake mango smaak,""€2,29"",NEE,7.7 g,5.4 g,1.5 g,279.0 kJ (66.0 kcal),https://www.ah.nl/producten/product/wi595152/upfront-eiwit-milkshake-mango-smaak,https://static.ah.nl/dam/product/AHI_4354523130313830313635?revLabel=1&rendition=800x800_JPG_Q90&fileType=binary,2025-12-15 14:34:21"
"Barebells Milkshake cookies & cream,""€3,09"",NEE,7.3 g,3.8 g,1.5 g,249.0 kJ (59.0 kcal),https://www.ah.nl/producten/product/wi593855/barebells-milkshake-cookies-en-cream,https://static.ah.nl/dam/product/AHI_4354523130313731363035?revLabel=1&rendition=800x800_JPG_Q90&fileType=binary,2025-12-15 14:34:24"
"Bol Power shake chocolade,""€3,99"",NEE,6.4 g,3.8 g,3.0 g,306.0 kJ (73.0 kcal),https://www.ah.nl/producten/product/wi601553/bol-power-shake-chocolade,https://static.ah.nl/dam/product/AHI_454d6a51536a7074545a327041315a67765a6a476551?revLabel=1&rendition=800x800_JPG_Q90&fileType=binary,2025-12-15 14:34:28"
"Melkunie Protein chocolade shake 4-pack,""€6,42"",JA,,,,,https://www.ah.nl/producten/product/wi594679/melkunie-protein-chocolade-shake-4-pack,https://static.ah.nl/dam/product/AHI_693955695f4b7139517832494c5f74447a2d33736777?revLabel=1&rendition=800x800_JPG_Q90&fileType=binary,2025-12-15 14:34:33"
"Upfront Eiwit mikshake aardbei,""€2,29"",NEE,7.7 g,5.3 g,1.5 g,278.0 kJ (66.0 kcal),https://www.ah.nl/producten/product/wi586033/upfront-eiwit-mikshake-aardbei,https://static.ah.nl/dam/product/AHI_4354523130313830313030?revLabel=1&rendition=800x800_JPG_Q90&fileType=binary,2025-12-15 14:34:36"
"ESN Proteïne milkshake banaan pakket,""€19,32"",JA,,,,,https://www.ah.nl/producten/product/wi602636/esn-protei%CC%88ne-milkshake-banaan-pakket,https://static.ah.nl/dam/product/AHI_4864594750616473526e327077765a73354e39383277?revLabel=1&rendition=800x800_JPG_Q90&fileType=binary,2025-12-15 14:34:39"
"AH Proteine crisps paprika,""€1,69"",NEE,28.0 g,44.0 g,9.3 g,1672.0 kJ (398.0 kcal),https://www.ah.nl/producten/product/wi524468/ah-proteine-crisps-paprika,https://static.ah.nl/dam/product/AHI_4354523130313838313432?revLabel=1&rendition=800x800_JPG_Q90&fileType=binary,2025-12-15 14:34:42"
"AH Proteine crisps sweet chili,""€1,69"",NEE,26.0 g,52.0 g,8.7 g,1702.0 kJ (404.0 kcal),https://www.ah.nl/producten/product/wi524470/ah-proteine-crisps-sweet-chili,https://static.ah.nl/dam/product/AHI_4354523130313933353532?revLabel=1&rendition=800x800_JPG_Q90&fileType=binary,2025-12-15 14:34:45"
"Yfood This is food drinkmaaltijd classic choco,""€4,39"",NEE,6.7 g,7.2 g,4.5 g,419.0 kJ (100.0 kcal),https://www.ah.nl/producten/product/wi519373/yfood-this-is-food-drinkmaaltijd-classic-choco,https://static.ah.nl/dam/product/AHI_4354523130323032313833?revLabel=1&rendition=800x800_JPG_Q90&fileType=binary,2025-12-15 14:34:48"
"Yfood This is food smooth vanilla,""€4,39"",NEE,6.8 g,6.8 g,4.7 g,418.0 kJ (100.0 kcal),https://www.ah.nl/producten/product/wi519372/yfood-this-is-food-smooth-vanilla,https://static.ah.nl/dam/product/AHI_4354523130323032313834?revLabel=1&rendition=800x800_JPG_Q90&fileType=binary,2025-12-15 14:34:51"
"innocent Super smoothie berry energise,""€3,99"",JA,1.5 g,11.0 g,0.0 g,224.0 kJ (53.0 kcal),https://www.ah.nl/producten/product/wi401895/innocent-super-smoothie-berry-energise,https://static.ah.nl/dam/product/AHI_716d634b32396b3053665749517652634f4e735a5641?revLabel=1&rendition=800x800_JPG_Q90&fileType=binary,2025-12-15 14:34:54"
"innocent Super smoothie green antioxidant,""€3,99"",JA,1.3 g,11.0 g,0.11 g,224.0 kJ (53.0 kcal),https://www.ah.nl/producten/product/wi401896/innocent-super-smoothie-green-antioxidant,https://static.ah.nl/dam/product/AHI_474769396458565a53764351766c693774646d783177?revLabel=1&rendition=800x800_JPG_Q90&fileType=binary,2025-12-15 14:34:58"
"AH Vers geperste smoothie aardbei banaan,""€2,59"",NEE,0.5 g,12.0 g,0.0 g,221.0 kJ (52.0 kcal),https://www.ah.nl/producten/product/wi130275/ah-vers-geperste-smoothie-aardbei-banaan,https://static.ah.nl/dam/product/AHI_4354523130303638393235?revLabel=1&rendition=800x800_JPG_Q90&fileType=binary,2025-12-15 14:35:02"
"AH Vers geperste smoothie aardbei banaan,""€4,39"",NEE,0.5 g,12.0 g,0.0 g,221.0 kJ (52.0 kcal),https://www.ah.nl/producten/product/wi424881/ah-vers-geperste-smoothie-aardbei-banaan,https://static.ah.nl/dam/product/AHI_4354523130303638393236?revLabel=1&rendition=800x800_JPG_Q90&fileType=binary,2025-12-15 14:35:09"
"AH Vers geperste smoothie mango maracuja,""€2,59"",NEE,0.6 g,9.5 g,0.0 g,178.0 kJ (42.0 kcal),https://www.ah.nl/producten/product/wi130276/ah-vers-geperste-smoothie-mango-maracuja,https://static.ah.nl/dam/product/AHI_43545239383731393839?revLabel=1&rendition=800x800_JPG_Q90&fileType=binary,2025-12-15 14:35:12"
"AH Smoothie mango passievrucht,""€1,29"",NEE,0.6 g,13.0 g,0.2 g,247.0 kJ (58.0 kcal),https://www.ah.nl/producten/product/wi379563/ah-smoothie-mango-passievrucht,https://static.ah.nl/dam/product/AHI_4354523130313835343032?revLabel=1&rendition=800x800_JPG_Q90&fileType=binary,2025-12-15 14:35:15"
Zoek binnen Ah.nl | online bestellen | AH.nl,1,JA,,,,,https://www.ah.nl/producten/product/wi479239,,2025-12-15 14:35:18
Zoek binnen Ah.nl | online bestellen | AH.nl,1,JA,,,,,https://www.ah.nl/producten/product/wi434324,,2025-12-15 14:35:24
"AH Smoothie ananas banaan kokos,""€1,29"",NEE,0.7 g,12.0 g,2.0 g,294.0 kJ (70.0 kcal),https://www.ah.nl/producten/product/wi379566/ah-smoothie-ananas-banaan-kokos,https://static.ah.nl/dam/product/AHI_4354523130313935313333?revLabel=1&rendition=800x800_JPG_Q90&fileType=binary,2025-12-15 14:35:27"
"AH Vers geperst sap sinaasappel,""€3,99"",NEE,0.7 g,8.5 g,0.0 g,162.0 kJ (38.0 kcal),https://www.ah.nl/producten/product/wi62198/ah-vers-geperst-sap-sinaasappel,https://static.ah.nl/dam/product/AHI_43545239383731393631?revLabel=1&rendition=800x800_JPG_Q90&fileType=binary,2025-12-15 14:35:29"
"AH Smoothie appel aardbei braam zwarte bes,""€1,29"",NEE,0.6 g,10.0 g,0.3 g,202.0 kJ (48.0 kcal),https://www.ah.nl/producten/product/wi440502/ah-smoothie-appel-aardbei-braam-zwarte-bes,https://static.ah.nl/dam/product/AHI_4354523130313838393333?revLabel=1&rendition=800x800_JPG_Q90&fileType=binary,2025-12-15 14:35:32"
"AH Vers geperste smoothie mango banaan,""€2,59"",NEE,0.5 g,10.0 g,0.9 g,218.0 kJ (52.0 kcal),https://www.ah.nl/producten/product/wi424880/ah-vers-geperste-smoothie-mango-banaan,https://static.ah.nl/dam/product/AHI_4354523130313930323334?revLabel=1&rendition=800x800_JPG_Q90&fileType=binary,2025-12-15 14:35:36"
Zoek binnen Ah.nl | online bestellen | AH.nl,1,JA,,,,,https://www.ah.nl/producten/product/wi571190/ah-terra-verse-smoothie-kokosmelk-ananas-mango,,2025-12-15 14:35:39
Zoek binnen Ah.nl | online bestellen | AH.nl,1,JA,,,,,https://www.ah.nl/producten/product/wi285947/ah-vers-geperst-sap-sinaasappel-aardbei,,2025-12-15 14:35:43
"AH Vers geperst sap ananas meloen mango,""€2,49"",NEE,0.5 g,11.0 g,0.0 g,199.0 kJ (47.0 kcal),https://www.ah.nl/producten/product/wi67839/ah-vers-geperst-sap-ananas-meloen-mango,https://static.ah.nl/dam/product/AHI_43545239383731393636?revLabel=1&rendition=800x800_JPG_Q90&fileType=binary,2025-12-15 14:35:46"
"AH Vers geperst sap sinaasappel,""€2,49"",NEE,0.7 g,8.5 g,0.0 g,162.0 kJ (38.0 kcal),https://www.ah.nl/producten/product/wi47354/ah-vers-geperst-sap-sinaasappel,https://static.ah.nl/dam/product/AHI_43545239383731393635?revLabel=1&rendition=800x800_JPG_Q90&fileType=binary,2025-12-15 14:35:49"
Zoek binnen Ah.nl | online bestellen | AH.nl,1,JA,,,,,https://www.ah.nl/producten/product/wi479238,,2025-12-15 14:35:53
"AH Vers geperste smoothie wortel mango,""€2,59"",NEE,0.5 g,11.0 g,0.0 g,203.0 kJ (48.0 kcal),https://www.ah.nl/producten/product/wi553792/ah-vers-geperste-smoothie-wortel-mango,https://static.ah.nl/dam/product/AHI_43545239393434353037?revLabel=1&rendition=800x800_JPG_Q90&fileType=binary,2025-12-15 14:35:57"
"innocent Super smoothie berry energise,""€2,79"",NEE,1.5 g,11.0 g,0.0 g,224.0 kJ (53.0 kcal),https://www.ah.nl/producten/product/wi475889/innocent-super-smoothie-berry-energise,https://static.ah.nl/dam/product/AHI_49656f4a69685654517a4742445a6f57594957753477?revLabel=1&rendition=800x800_JPG_Q90&fileType=binary,2025-12-15 14:36:00"
Zoek binnen Ah.nl | online bestellen | AH.nl,2,JA,,,,,https://www.ah.nl/producten/product/wi582063/ah-verse-protei%CC%88ne-smoothie-kwark-framboos,,2025-12-15 14:36:09
Zoek binnen Ah.nl | online bestellen | AH.nl,1,JA,,,,,https://www.ah.nl/producten/product/wi571191/ah-terra-verse-smoothie-kokosmelk-appel-aardbei,,2025-12-15 14:36:12
