Naam,Prijs,Aanbieding,Eiwit per 100g,Koolhydraten per 100g,Vetten per 100g,Calorieën,Link,Verzameld op
HiPRO Protein Drink Framboos Aardbei 300 ml,"€2,49",JA,,,,,https://www.jumbo.com/producten/hipro-protein-drink-framboos-aardbei-300-ml-433886FLS,2025-12-09 15:38:26
Ehrmann High Protein Chocolate & Topping with Protein 200 g,"€1,85",JA,"10,0g","5,0g","2,4g",344kJ/82kcal,https://www.jumbo.com/producten/ehrmann-high-protein-chocolate-topping-with-protein-200-g-576944CUP,2025-12-09 15:38:28
HiPRO Protein Skyr Stijl Stracciatella 160 g,"€1,49",JA,,,,,https://www.jumbo.com/producten/hipro-protein-skyr-stijl-stracciatella-160-g-578147CUP,2025-12-09 15:38:31
"Campina High Protein Greek Yoghurt 1,5% Fat 1 kg","€3,69",JA,,,,,"https://www.jumbo.com/producten/campina-high-protein-greek-yoghurt-1,5-fat-1-kg-678562CUP",2025-12-09 15:38:34
Campina High Protein Greek Yoghurt 5% Fat 1 kg,"€3,79",JA,,,,,https://www.jumbo.com/producten/campina-high-protein-greek-yoghurt-5-fat-1-kg-678581CUP,2025-12-09 15:38:36
"Campina High Protein Greek Yoghurt 1,5% Fat 2 x 1 kg","€7,38",JA,,,,,"https://www.jumbo.com/producten/campina-high-protein-greek-yoghurt-1,5-fat-2-x-1-kg-717429STK",2025-12-09 15:38:39
Ehrmann High Protein Mousse Chocolate 200 g,"€2,19",JA,,,,322kJ/76kcal,https://www.jumbo.com/producten/ehrmann-high-protein-mousse-chocolate-200-g-576942CUP,2025-12-09 15:38:41
Jumbo High Protein Pudding Karamelsmaak 200 g,"€1,29",JA,"10,0 g","9,1 g","0,9 g",kJ 369 / kcal 87,https://www.jumbo.com/producten/jumbo-high-protein-pudding-karamelsmaak-200-g-635512CUP,2025-12-09 15:38:44
Zuivelhoeve XXL High protein Kwark Perzik - Passievrucht 205g,"€1,99",JA,12.0 g,3.5 g,0.4 g,287.0 kJ,https://www.jumbo.com/producten/zuivelhoeve-xxl-high-protein-kwark-perzik-passievrucht-205g-685839ZK,2025-12-09 15:38:47
Jumbo High Protein Kwark Vanille Smaak 200 g,"€0,99",JA,10.1 g,3.8 g,0.5 g,kJ 255 / kcal 60,https://www.jumbo.com/producten/jumbo-high-protein-kwark-vanille-smaak-200-g-639187BKR,2025-12-09 15:38:49
Jumbo High Protein Kwark Aardbei Kers Smaak 200 g,"€0,99",JA,10.1 g,3.8 g,0.5 g,kJ 255 / kcal 60,https://www.jumbo.com/producten/jumbo-high-protein-kwark-aardbei-kers-smaak-200-g-639188BKR,2025-12-09 15:38:52
Jumbo High Protein Kwark Perzik Passievrucht 200 g,"€1,29",JA,12.4 g,3.5 g,0.4 g,kJ 286,https://www.jumbo.com/producten/jumbo-high-protein-kwark-perzik-passievrucht-200-g-688480STK,2025-12-09 15:38:54
Jumbo High Protein Kwark Framboos 200 g,"€1,29",JA,12.6 g,3.4 g,0.4 g,kJ 290,https://www.jumbo.com/producten/jumbo-high-protein-kwark-framboos-200-g-688481STK,2025-12-09 15:38:57
HiPRO Protein Kwark Bosvruchten 200g,"€1,99",JA,12.4 g,3.6 g,0.4 g,290.0 kJ,https://www.jumbo.com/producten/hipro-protein-kwark-bosvruchten-200g-578690ZK,2025-12-09 15:38:59
HiPRO Protein Kwark Mango 200 g,"€1,99",JA,12.3 g,3.6 g,0.4 g,295.0 kJ,https://www.jumbo.com/producten/hipro-protein-kwark-mango-200-g-578676ZK,2025-12-09 15:39:02
HiPRO Protein Kwark Banaan 200 g,"€1,99",JA,12.4 g,4.0 g,0.4 g,295.0 kJ,https://www.jumbo.com/producten/hipro-protein-kwark-banaan-200-g-578578ZK,2025-12-09 15:39:05
HiPRO Protein Kwark Banaan 6 x 200 g,"€11,94",JA,12.4 g,4.0 g,0.4 g,295.0 kJ,https://www.jumbo.com/producten/hipro-protein-kwark-banaan-6-x-200-g-578578DSL,2025-12-09 15:39:07
HiPRO Protein Kwark Bosvruchten 6 x  200 g,"€11,94",JA,12.4 g,3.6 g,0.4 g,290.0 kJ,https://www.jumbo.com/producten/hipro-protein-kwark-bosvruchten-6-x-200-g-578690DSL,2025-12-09 15:39:10
Jumbo High Protein Pudding Vanillesmaak 200 g,"€1,29",JA,"10,0 g","8,4 g","0,9 g",kJ 357 / kcal 84,https://www.jumbo.com/producten/jumbo-high-protein-pudding-vanillesmaak-200-g-635458CUP,2025-12-09 15:39:13
Jumbo High Protein Pudding Chocoladesmaak 200 g,"€1,29",JA,"10,0 g","8,5 g","0,9 g",kJ 364 / kcal 86,https://www.jumbo.com/producten/jumbo-high-protein-pudding-chocoladesmaak-200-g-635510CUP,2025-12-09 15:39:15
Melkunie Protein Chocolate Flavoured Pudding 200 g,"€1,79",JA,10 g,7.7 g,1.5 g,318 kJ / 75 kcal,https://www.jumbo.com/producten/melkunie-protein-chocolate-flavoured-pudding-200-g-577753CUP,2025-12-09 15:39:18
Ehrmann High Protein Pudding Topping vanille 200 g,"€1,95",JA,"10,0g","5,0g","2,3g",340kJ/81kcal,https://www.jumbo.com/producten/ehrmann-high-protein-pudding-topping-vanille-200-g-576948CUP,2025-12-09 15:39:20
Alpro Protein Pudding Vanille Smaak 200g,"€2,39",JA,,,,,https://www.jumbo.com/producten/alpro-protein-pudding-vanille-smaak-200g-577341CUP,2025-12-09 15:39:23
Alpro Protein Pudding Chocolade Smaak 200g,"€2,39",JA,"10,2 g","6,5 g","2,9 g",399 kJ / 95 kcal,https://www.jumbo.com/producten/alpro-protein-pudding-chocolade-smaak-200g-577340CUP,2025-12-09 15:39:25
Melkunie Protein Chocolate Flavoured Pudding 200 g,"€10,74",JA,10 g,7.7 g,1.5 g,318 kJ / 75 kcal,https://www.jumbo.com/producten/melkunie-protein-chocolate-flavoured-pudding-200-g-577753TRL,2025-12-09 15:39:28
Melkunie Protein Chocolate Flavoured Pudding 3x 200 g,"€5,37",JA,,,,,https://www.jumbo.com/producten/melkunie-protein-chocolate-flavoured-pudding-3x-200-g-736565STK,2025-12-09 15:39:31
Ilo eiwitrijke pudding banaan-toffee,"€1,69",JA,10.3 g,9.8 g,2.6 g,439 kJ / 104 kcal,https://www.jumbo.com/producten/ilo-eiwitrijke-pudding-banaan-toffee-672466STK,2025-12-09 15:39:33
NXT Level Vanilla Flavor Protein Shake 500 ml,"€2,99",JA,10.0 g,4.0 g,0.2 g,247.0 kJ,https://www.jumbo.com/producten/nxt-level-vanilla-flavor-protein-shake-500-ml-572979FLS,2025-12-09 15:39:36
Jumbo High Protein Shake Chocolade Smaak 310 ml,"€1,85",JA,"8,0 g","4,0 g","1,4 g",kJ 258 / kcal 61,https://www.jumbo.com/producten/jumbo-high-protein-shake-chocolade-smaak-310-ml-522115FLS,2025-12-09 15:39:39
Melkunie Protein Vanilla Flavoured Milk Drink 482 ml,"€2,49",JA,5.7 g,4.9 g,0.9 g,216 kJ 51 kcal,https://www.jumbo.com/producten/melkunie-protein-vanilla-flavoured-milk-drink-482-ml-202935STK,2025-12-09 15:39:41
NXT Level Protein Shake Milky Chocolate Flavor 500 ml,"€3,19",JA,10.0 g,4.2 g,0.4 g,257.0 kJ,https://www.jumbo.com/producten/nxt-level-protein-shake-milky-chocolate-flavor-500-ml-457926FLS,2025-12-09 15:39:44
NXT Level Protein Shake Chocolate Flavor 330 ml,"€2,33",JA,"7,6g","4,1g","0,3g",212kJ 51kcal,https://www.jumbo.com/producten/nxt-level-protein-shake-chocolate-flavor-330-ml-472613FLS,2025-12-09 15:39:46
Jumbo High Protein Shake Vanille Smaak 310 ml,"€1,85",JA,"8,0 g","4,1 g","1,4 g",kJ 258 / kcal 61,https://www.jumbo.com/producten/jumbo-high-protein-shake-vanille-smaak-310-ml-522116FLS,2025-12-09 15:39:49
Zuivelhoeve XXL Nutrition Fit Drink Vanilla Flavor Protein Drink 330 ml,"€2,39",JA,10 g,3.5 g,0.8 g,255 kJ / 61 kcal,https://www.jumbo.com/producten/zuivelhoeve-xxl-nutrition-fit-drink-vanilla-flavor-protein-drink-330-ml-707504FLS,2025-12-09 15:39:52
Starbucks Caramel Hazelnut Flavour Protein Drink with Coffee 330 ml,"€2,69",JA,6.1g,4.0g,1.1g,215kJ/51kcal,https://www.jumbo.com/producten/starbucks-caramel-hazelnut-flavour-protein-drink-with-coffee-330-ml-680652FLS,2025-12-09 15:39:54
Starbucks Protein Drink with Coffee Chocolate Mocha Flavour 330 ml,"€2,69",JA,6.1g,4.1g,1.1g,218kJ/52kcal,https://www.jumbo.com/producten/starbucks-protein-drink-with-coffee-chocolate-mocha-flavour-330-ml-680584FLS,2025-12-09 15:39:57
Lindahls Protein Smaak Aardbei Melkdrank 500 ml,"€1,99",JA,6.0 g,5.3 g,0.3 g,205 kJ,https://www.jumbo.com/producten/lindahls-protein-smaak-aardbei-melkdrank-500-ml-652394CUP,2025-12-09 15:39:59
Lindahls Protein Smaak Vanille Melkdrank 500 ml,"€1,99",JA,6.0 g,5.6 g,0.3 g,210 kJ,https://www.jumbo.com/producten/lindahls-protein-smaak-vanille-melkdrank-500-ml-652393CUP,2025-12-09 15:40:02
NXT Level Banana Flavor Protein Shake 330 ml,"€2,33",JA,7.6 g,3.0 g,0.2 g,188.0 kJ,https://www.jumbo.com/producten/nxt-level-banana-flavor-protein-shake-330-ml-472614FLS,2025-12-09 15:40:05
NXT Level Strawberry Flavor Protein Shake 330 ml,"€2,35",JA,7.6 g,2.9 g,0.1 g,183.0 kJ,https://www.jumbo.com/producten/nxt-level-strawberry-flavor-protein-shake-330-ml-472615FLS,2025-12-09 15:40:07
NXT Level Ice Coffee Flavor Protein Shake 330 ml,"€2,27",JA,"7,5g","3,9g","0,1g",201kJ 48kcal,https://www.jumbo.com/producten/nxt-level-ice-coffee-flavor-protein-shake-330-ml-457928FLS,2025-12-09 15:40:10
NXT Level Protein Shake Vanilla Flavor 330 ml,"€2,27",JA,"7,6g","3,9g","0,1g",202kJ 48kcal,https://www.jumbo.com/producten/nxt-level-protein-shake-vanilla-flavor-330-ml-458003FLS,2025-12-09 15:40:12
Melkunie Protein Chocolate Flavoured Shake 250 ml,"€1,69",JA,8.1 g,6.3 g,1.2 g,280 kJ 73 kcal,https://www.jumbo.com/producten/melkunie-protein-chocolate-flavoured-shake-250-ml-406774FLS,2025-12-09 15:40:15
Melkunie Protein Raspberry & Strawberry Flavoured Shake 225 ml,"€1,69",JA,,,,,https://www.jumbo.com/producten/melkunie-protein-raspberry-strawberry-flavoured-shake-225-ml-192505PAK,2025-12-09 15:40:18
HiPRO Protein Drink Mango 300 ml,"€2,49",JA,,,,,https://www.jumbo.com/producten/hipro-protein-drink-mango-300-ml-494984FLS,2025-12-09 15:40:21
HiPRO Protein Drink Perzik Passievrucht 300 ml,"€2,49",JA,,,,,https://www.jumbo.com/producten/hipro-protein-drink-perzik-passievrucht-300-ml-547423FLS,2025-12-09 15:40:23
HiPRO Protein Drink Banaan 300 ml,"€2,49",JA,8.3 g,5.6 g,0.5 g,253.0 kJ,https://www.jumbo.com/producten/hipro-protein-drink-banaan-300-ml-607868FLS,2025-12-09 15:40:26
HiPRO Protein Drink Bosbes 300 ml,"€2,49",JA,,,,,https://www.jumbo.com/producten/hipro-protein-drink-bosbes-300-ml-585526FLS,2025-12-09 15:40:29
HiPRO Protein Drink Vanille Cookies 300 ml,"€2,49",JA,8.3 g,5.5 g,0.5 g,252.0 kJ,https://www.jumbo.com/producten/hipro-protein-drink-vanille-cookies-300-ml-433887FLS,2025-12-09 15:40:31
"Jumbo Smoothie Mix Proteïne Banaan, Mango, Drakenfruit & Erwteneiwit 250 g","€2,49",JA,4.0 g,14.9 g,0.7 g,361.0 kJ,https://www.jumbo.com/producten/jumbo-smoothie-mix-proteine-banaan-mango-drakenfruit-erwteneiwit-250-g-698541STK,2025-12-09 15:40:34
"Jumbo Smoothie Mix Proteïne Mango, Banaan, Spinazie & Erwteneiwit 250 g","€2,49",JA,4.1 g,13.9 g,0.56 g,340.0 kJ,https://www.jumbo.com/producten/jumbo-smoothie-mix-proteine-mango-banaan-spinazie-erwteneiwit-250-g-698504STK,2025-12-09 15:40:36
Starbucks Caffè Latte Protein Drink with Coffee 330 ml,"€2,69",JA,6.1g,4.1g,1.1g,215kJ/51kcal,https://www.jumbo.com/producten/starbucks-caffe-latte-protein-drink-with-coffee-330-ml-680583FLS,2025-12-09 15:40:39
Zuivelhoeve XXL Nutrition Fit Drink Strawberry Flavor Protein Drink 330 ml,"€2,39",JA,10.0 g,3.5 g,0.8 g,255.0 kJ,https://www.jumbo.com/producten/zuivelhoeve-xxl-nutrition-fit-drink-strawberry-flavor-protein-drink-330-ml-707505FLS,2025-12-09 15:40:41
Zuivelhoeve XXL Nutrition Fit Drink Chocolate Flavor Protein Drink 330 ml,"€2,39",JA,10 g,3.5 g,0.8 g,261 kJ / 62 kcal,https://www.jumbo.com/producten/zuivelhoeve-xxl-nutrition-fit-drink-chocolate-flavor-protein-drink-330-ml-707509ZK,2025-12-09 15:40:44
HiPRO Protein Drink Stracciatella 300 ml,"€2,49",JA,,,,,https://www.jumbo.com/producten/hipro-protein-drink-stracciatella-300-ml-547424FLS,2025-12-09 15:40:47
HiPRO Protein Drink Kokos 300 ml,"€2,49",JA,,,,,https://www.jumbo.com/producten/hipro-protein-drink-kokos-300-ml-613297FLS,2025-12-09 15:40:49
CoolBest Protein Drink Strawberry 330ml,"€1,99",JA,6.2 g,7.0 g,0.0 g,247.0 kJ,https://www.jumbo.com/producten/coolbest-protein-drink-strawberry-330ml-686186PAK,2025-12-09 15:40:52
HiPRO Protein Drink Mango 6 x 300 ml,"€14,94",JA,,,,,https://www.jumbo.com/producten/hipro-protein-drink-mango-6-x-300-ml-494984DSL,2025-12-09 15:40:55
CoolBest Protein Drink Mango 330ml,"€1,99",JA,6.2 g,7.4 g,0.0 g,256.0 kJ,https://www.jumbo.com/producten/coolbest-protein-drink-mango-330ml-686188PAK,2025-12-09 15:40:57
CoolBest Protein Drink Passionfruit 330ml,"€1,99",JA,6.2 g,7.0 g,0.0 g,253.0 kJ,https://www.jumbo.com/producten/coolbest-protein-drink-passionfruit-330ml-686196PAK,2025-12-09 15:41:00
Melkunie Protein Strawberry Vanilla Yogurt Drink 330 ml,"€1,99",JA,,,,,https://www.jumbo.com/producten/melkunie-protein-strawberry-vanilla-yogurt-drink-330-ml-521731FLS,2025-12-09 15:41:02
Melkunie Protein Blueberry Yogurt Drink 330 ml,"€1,99",JA,,,,,https://www.jumbo.com/producten/melkunie-protein-blueberry-yogurt-drink-330-ml-521732FLS,2025-12-09 15:41:05
XXL Crunchy Protein Bar Coconut 60g,"€2,49",JA,,,,,https://www.jumbo.com/producten/xxl-crunchy-protein-bar-coconut-60g-703385RP,2025-12-09 15:41:08
HiPRO Protein Bar Caramel 45 g,"€1,99",JA,,,,,https://www.jumbo.com/producten/hipro-protein-bar-caramel-45-g-671845STK,2025-12-09 15:41:10
Barebells Protein Bar White Chocolate Almond 55 g,"€2,90",JA,36 g,29 g,15 g,1518 kJ,https://www.jumbo.com/producten/barebells-protein-bar-white-chocolate-almond-55-g-305433PAK,2025-12-09 15:41:13
Barebells Soft Protein Bar Caramel Choco 55 g,"€2,96",JA,28 g,31 g,17 g,1539 kJ,https://www.jumbo.com/producten/barebells-soft-protein-bar-caramel-choco-55-g-630476PAK,2025-12-09 15:41:15
Barebells Protein Bar Caramel Cashew 55 g,"€2,96",JA,36 g,30 g,15 g,1535 kJ,https://www.jumbo.com/producten/barebells-protein-bar-caramel-cashew-55-g-524344PAK,2025-12-09 15:41:18
Barebells Soft Protein Bar Salty Chocolate 55 g,"€2,99",JA,28 g,33 g,16 g,1508 kJ,https://www.jumbo.com/producten/barebells-soft-protein-bar-salty-chocolate-55-g-630477PAK,2025-12-09 15:41:21
Holie's Crunchy Bar Protein Chocolate Chip 3 x 2 Stuks 6 x 20 g,"€3,26",JA,22 g,23.4 g,31.5 g,2093 kJ,https://www.jumbo.com/producten/holie-s-crunchy-bar-protein-chocolate-chip-3-x-2-stuks-6-x-20-g-674168DS,2025-12-09 15:41:23
Barebells Protein Bar Salty Peanut 55 g,"€2,90",JA,37 g,27 g,15 g,1543 kJ,https://www.jumbo.com/producten/barebells-protein-bar-salty-peanut-55-g-305432ZK,2025-12-09 15:41:26
Killerbody 3-pack Protein Bars Cookies & Cream 120g,"€4,59",JA,32.0 g,36.0 g,17.0 g,1577.0 kJ,https://www.jumbo.com/producten/killerbody-3-pack-protein-bars-cookies-cream-120g-605231DS,2025-12-09 15:41:28
Barebells Protein Bar Cookies & Cream 55 g,"€2,90",JA,37 g,31 g,12 g,1475 kJ,https://www.jumbo.com/producten/barebells-protein-bar-cookies-cream-55-g-305431PAK,2025-12-09 15:41:31
XXL N'Joy Protein bar White choco/Blueberry 55g,"€2,49",JA,36.0 g,35.0 g,15.0 g,1586.0 kJ,https://www.jumbo.com/producten/xxl-n-joy-protein-bar-white-chocoblueberry-55g-703389RP,2025-12-09 15:41:34
XXL Nutrition N'Joy Protein bar Cookies & Cream 55g,"€2,49",JA,,,,,https://www.jumbo.com/producten/xxl-nutrition-n-joy-protein-bar-cookies-cream-55g-703388RP,2025-12-09 15:41:36
Barebells Protein Bar Hazelnut & Nougat 55 g,"€2,96",JA,36 g,29 g,16 g,1562 kJ,https://www.jumbo.com/producten/barebells-protein-bar-hazelnut-nougat-55-g-305434PAK,2025-12-09 15:41:39
Barebells Soft Protein Bar Marshmallow Rocky Road 55 g,"€2,86",JA,31 g,32 g,18 g,1587 kJ,https://www.jumbo.com/producten/barebells-soft-protein-bar-marshmallow-rocky-road-55-g-630475PAK,2025-12-09 15:41:41
Barebells Protein Bar Cookies & Cream 12 x 55 g,"€30,99",JA,37 g,31 g,12 g,1475 kJ,https://www.jumbo.com/producten/barebells-protein-bar-cookies-cream-12-x-55-g-305431DSL,2025-12-09 15:41:44
Barebells Soft Protein Bar Peanut Caramel 55 g,"€2,96",JA,29 g,29 g,20 g,1640 kJ,https://www.jumbo.com/producten/barebells-soft-protein-bar-peanut-caramel-55-g-630478PAK,2025-12-09 15:41:47
Barebells Protein Bar Creamy Crisp 55g,"€2,96",JA,35 g,29 g,14 g,1485 kJ,https://www.jumbo.com/producten/barebells-protein-bar-creamy-crisp-55g-677308PAK,2025-12-09 15:41:49
Holie's Crunchy Bar Protein Peanut Chocolate 3 x 2 Stuks 6 x 20 g,"€3,26",JA,22 g,23.3 g,26.3 g,1921 kJ,https://www.jumbo.com/producten/holie-s-crunchy-bar-protein-peanut-chocolate-3-x-2-stuks-6-x-20-g-674217DS,2025-12-09 15:41:52
Holie's Crunchy Bar Protein Peanut 6 x 20g,"€3,26",JA,23.0 g,18.0 g,29.0 g,1960.0 kJ,https://www.jumbo.com/producten/holie-s-crunchy-bar-protein-peanut-6-x-20g-717655DS,2025-12-09 15:41:54
Nature Valley Protein Peanut and Chocolate Reep 4 x 40 g,"€4,09",JA,,,,,https://www.jumbo.com/producten/nature-valley-protein-peanut-and-chocolate-reep-4-x-40-g-348220DS,2025-12-09 15:41:57
Nature Valley Protein Salted Caramel Nut Reep 4 x 40 g,"€4,09",JA,,,,,https://www.jumbo.com/producten/nature-valley-protein-salted-caramel-nut-reep-4-x-40-g-348221DS,2025-12-09 15:41:59
Snickers Protein chocolade pinda caramel reep 47g,"€2,79",JA,23 g,42 g,17 g,1711 kJ,https://www.jumbo.com/producten/snickers-protein-chocolade-pinda-caramel-reep-47g-636148PAK,2025-12-09 15:42:02
Mars Protein chocolade caramel reep 50g,"€2,79",JA,20 g,52 g,11 g,1580 kJ,https://www.jumbo.com/producten/mars-protein-chocolade-caramel-reep-50g-636149PAK,2025-12-09 15:42:05
B'tween Protein Pinda's & Chocolade 4 x 24g,"€2,61",JA,17.0 g,38.0 g,36.0 g,2297.0 kJ,https://www.jumbo.com/producten/b-tween-protein-pinda-s-chocolade-4-x-24g-612279DS,2025-12-09 15:42:07
Nature Valley Protein Salted Caramel Nut 12 x 40 g,"€14,16",JA,26.0g,26.3g,29.5g,2067kJ / 496kcal,https://www.jumbo.com/producten/nature-valley-protein-salted-caramel-nut-12-x-40-g-629863DSL,2025-12-09 15:42:10
Nature Valley Protein Peanut & Chocolate - 12 x 40 g,"€21,48",JA,26.6 g,27.5 g,28.3 g,2038 kJ/489 kcal,https://www.jumbo.com/producten/nature-valley-protein-peanut-chocolate-12-x-40-g-629862DSL,2025-12-09 15:42:12
Upfront Eiwitreep Cripsy Vanille Kaneel 50g,"€2,49",JA,29.0 g,42.0 g,7.9 g,1544.0 kJ,https://www.jumbo.com/producten/upfront-eiwitreep-cripsy-vanille-kaneel-50g-708588PAK,2025-12-09 15:42:15
Upfront Eiwitreep Cripsy Witte Choco Framboos 50g,"€2,49",JA,29.0 g,41.0 g,10.0 g,1608.0 kJ,https://www.jumbo.com/producten/upfront-eiwitreep-cripsy-witte-choco-framboos-50g-708603PAK,2025-12-09 15:42:17
Upfront Eiwitreep Choco Zeezout 60g,"€2,69",JA,24.0 g,37.0 g,18.0 g,1774.0 kJ,https://www.jumbo.com/producten/upfront-eiwitreep-choco-zeezout-60g-708601PAK,2025-12-09 15:42:20
LIGA Proteinereep Cranberry Noot Hazelnoot 160g,"€3,59",JA,14.00 g,55.00 g,19.00 g,1855 kJ,https://www.jumbo.com/producten/liga-proteinereep-cranberry-noot-hazelnoot-160g-446635DS,2025-12-09 15:42:23
XXL Nutrition Proteine Bar Stracciatella 60g,"€2,49",JA,37.0 g,27.0 g,11.0 g,1614.0 kJ,https://www.jumbo.com/producten/xxl-nutrition-proteine-bar-stracciatella-60g-711671RP,2025-12-09 15:42:25
Upfront Eiwitreep Cookie Dough 60g,"€2,69",JA,25.0 g,36.0 g,18.0 g,1780.0 kJ,https://www.jumbo.com/producten/upfront-eiwitreep-cookie-dough-60g-708621PAK,2025-12-09 15:42:28
Kellogg's Special K High Protein 21% Cocoa Hazelnut Flavour 320 g,"€3,95",JA,,,,,https://www.jumbo.com/producten/kellogg-s-special-k-high-protein-21-cocoa-hazelnut-flavour-320-g-699951DS,2025-12-09 15:42:30
Zuivelhoeve XXL Nutrition Fit Quark Strawberry Protein Quark 205 g,"€1,99",JA,12 g,3.3 g,0.4 g,283 kJ / 67 kcal,https://www.jumbo.com/producten/zuivelhoeve-xxl-nutrition-fit-quark-strawberry-protein-quark-205-g-685838ZK,2025-12-09 15:42:33
Melkunie Protein Strawberry Flavoured Quark 200 g,"€1,59",JA,10 g,6.6 g,0.2 g,305 kJ 72 kcal,https://www.jumbo.com/producten/melkunie-protein-strawberry-flavoured-quark-200-g-590777CUP,2025-12-09 15:42:36
Chocomel Protein 300 ml,"€1,89",JA,,,,,https://www.jumbo.com/producten/chocomel-protein-300-ml-706968FLS,2025-12-09 15:42:38
Kosso Nutrition Protein Pops Vanille 250g,"€7,49",JA,7.87 g,9.73 g,1.02 g,359.0 kJ,https://www.jumbo.com/producten/kosso-nutrition-protein-pops-vanille-250g-684241DS,2025-12-09 15:42:41
Muscle Meat High Protein Meals High Protein Kipfiletnuggets 400 g,"€6,95",JA,20.2 g,7.7 g,6.6 g,683 Kj/ 163 Kcal,https://www.jumbo.com/producten/muscle-meat-high-protein-meals-high-protein-kipfiletnuggets-400-g-698690TRA,2025-12-09 15:42:43
Lindahls Protein Kvarg Framboossmaak 450 g,"€2,79",JA,,,,,https://www.jumbo.com/producten/lindahls-protein-kvarg-framboossmaak-450-g-699255POT,2025-12-09 15:42:46
Alpro Protein Tropical 200g,"€2,09",JA,"7,5 g","7,2 g","2,2 g",344 kJ / 82 kcal,https://www.jumbo.com/producten/alpro-protein-tropical-200g-603216CUP,2025-12-09 15:42:49
Chocomel Protein 4 x 300 ml,"€7,56",JA,,,,,https://www.jumbo.com/producten/chocomel-protein-4-x-300-ml-721750STK,2025-12-09 15:42:51
Melkunie Protein Strawberry Flavoured Quark 3x 200 g,"€4,77",JA,,,,,https://www.jumbo.com/producten/melkunie-protein-strawberry-flavoured-quark-3x-200-g-736566STK,2025-12-09 15:42:54
XXL Nutrition Instant Protein Oats Appel Kaneel 1KG,"€18,99",JA,,,,,https://www.jumbo.com/producten/xxl-nutrition-instant-protein-oats-appel-kaneel-1kg-699810ZK,2025-12-09 15:42:56
Nakd. Protein Caramel 3x45g,"€3,71",JA,17.0 g,33.2 g,21.3 g,1762.0 kJ,https://www.jumbo.com/producten/nakd-protein-caramel-3x45g-645666DS,2025-12-09 15:42:59
Coco Vite Eiwit 500 g,"€3,99",JA,10.9 g,0.7 g,0.2 g,201.0 kJ,https://www.jumbo.com/producten/coco-vite-eiwit-500-g-624271PAK,2025-12-09 15:43:01
Bolletje Protein & Low Carb Crackers 4 x 3 Stuks 190 g,"€2,99",JA,,,,,https://www.jumbo.com/producten/bolletje-protein-low-carb-crackers-4-x-3-stuks-190-g-586568DS,2025-12-09 15:43:04
Muscle Meat Proteine Melk 1 L,"€2,95",JA,7.5 g,5.1 g,0.9 g,248 kJ | 59 kcal,https://www.jumbo.com/producten/muscle-meat-proteine-melk-1-l-679641PAK,2025-12-09 15:43:06
HAK Mexicaanse Chili Protein Bowl 555g,"€3,99",JA,6.4 g,10.3 g,2.1 g,393.0 kJ,https://www.jumbo.com/producten/hak-mexicaanse-chili-protein-bowl-555g-648355ZK,2025-12-09 15:43:09
Upfront Eiwit Milkshake Mango 330ML,"€2,29",JA,7.7 g,5.4 g,1.5 g,279.0 kJ,https://www.jumbo.com/producten/upfront-eiwit-milkshake-mango-330ml-707453FLS,2025-12-09 15:43:11
Muscle Meat High Protein Meals Kipfilet Chunks Risotto Spinaci Spieropbouw 450 g,"€6,79",JA,10.3 g,12.7 g,4.5 g,553 Kj/ 132 Kcal,https://www.jumbo.com/producten/muscle-meat-high-protein-meals-kipfilet-chunks-risotto-spinaci-spieropbouw-450-g-587176SC,2025-12-09 15:43:14
Muscle Meat High Protein Meals Kipfilet Saté Bami Goreng Spieropbouw 450 g,"€6,79",JA,11.7 g,12.9 g,2.5 g,511 Kj/ 12 Kcal,https://www.jumbo.com/producten/muscle-meat-high-protein-meals-kipfilet-sate-bami-goreng-spieropbouw-450-g-587173SC,2025-12-09 15:43:17
Muscle Meat High Protein Meals Kipfilet Chunks Tortelloni Ricotta-Spinazie Spieropbouw 450 g,"€6,79",JA,11 g,9.7 g,5.1 g,542 Kj/ 130 Kcal,https://www.jumbo.com/producten/muscle-meat-high-protein-meals-kipfilet-chunks-tortelloni-ricotta-spinazie-spieropbouw-450-g-587177SC,2025-12-09 15:43:19
Muscle Meat High Protein Meals Kipfilet Mexican Style Witte Rijst - Mais Mexicana Spieropbouw 450 g,"€6,79",JA,9 g,19.7 g,3.4 g,578 Kj/ 138 Kcal,https://www.jumbo.com/producten/muscle-meat-high-protein-meals-kipfilet-mexican-style-witte-rijst-mais-mexicana-spieropbouw-450-g-587175SC,2025-12-09 15:43:22
Muscle Meat High Protein Meals Rundergehakt Taco Mezze Penne - Ratatouille Spieropbouw 450 g,"€6,79",JA,9.3 g,14.1 g,5.2 g,569 Kj/ 136 Kcal,https://www.jumbo.com/producten/muscle-meat-high-protein-meals-rundergehakt-taco-mezze-penne-ratatouille-spieropbouw-450-g-619650TRA,2025-12-09 15:43:25
Muscle Meat High Protein Meals Kip Döner Kebab Aardappelgratin - Snijbonen Spieropbouw 450 g,"€6,79",JA,9.4 g,7.4 g,7.5 g,578 Kj/ 138 Kcal,https://www.jumbo.com/producten/muscle-meat-high-protein-meals-kip-doner-kebab-aardappelgratin-snijbonen-spieropbouw-450-g-619651TRA,2025-12-09 15:43:27
Muscle Meat High Protein Meals Kipfilet Chunks Risotto Fungi 450 g,"€6,79",JA,11.2 g,7.9 g,7.2 g,600 Kj/ 143 Kcal,https://www.jumbo.com/producten/muscle-meat-high-protein-meals-kipfilet-chunks-risotto-fungi-450-g-678897TRA,2025-12-09 15:43:30
Muscle Meat High Protein Meals Kipfilet Paprika Chili Tuinerwten - Macaroni Kaas Spieropbouw 450 g,"€6,79",JA,11.8 g,10.6 g,2.9 g,498 Kj/ 119 Kcal,https://www.jumbo.com/producten/muscle-meat-high-protein-meals-kipfilet-paprika-chili-tuinerwten-macaroni-kaas-spieropbouw-450-g-587172SC,2025-12-09 15:43:32
Muscle Meat High Protein Meals Kipfilet Chunks Gnocchi met Gegrilde Groenten 450 g,"€6,79",JA,10.3 g,12.3 g,5.5 g,590 Kj/ 141 Kcal,https://www.jumbo.com/producten/muscle-meat-high-protein-meals-kipfilet-chunks-gnocchi-met-gegrilde-groenten-450-g-686523TRA,2025-12-09 15:43:35
Muscle Meat High Protein Meals Kipfilet Chunks Base Nasi Goreng Spieropbouw 450g,"€6,79",JA,10.8 g,10.8 g,2.5 g,437 Kj/ 104 Kcal,https://www.jumbo.com/producten/muscle-meat-high-protein-meals-kipfilet-chunks-base-nasi-goreng-spieropbouw-450g-698644TRA,2025-12-09 15:43:38
Muscle Meat High Protein Meals Kipfilet Piri Piri Mediterraanse Gratin Spieropbouw 450 g,"€6,79",JA,10.1g,6.3g,3.3g,410Kj/ 98 Kcal,https://www.jumbo.com/producten/muscle-meat-high-protein-meals-kipfilet-piri-piri-mediterraanse-gratin-spieropbouw-450-g-678836TRA,2025-12-09 15:43:40
Muscle Meat High Protein Meals Kipfilet Chunks Penne - Spinazie Mediterranea 500 g,"€6,79",JA,9.8 g,11.7 g,2.8 g,482 Kj/ 115 Kcal,https://www.jumbo.com/producten/muscle-meat-high-protein-meals-kipfilet-chunks-penne-spinazie-mediterranea-500-g-686522TRA,2025-12-09 15:43:43
Muscle Meat High Protein Meals Kipfilet Teriyaki China Mix - Bruine Rijst 450 g,"€6,79",JA,8.9 g,9.7 g,1.1 g,358 Kj/ 87 Kcal,https://www.jumbo.com/producten/muscle-meat-high-protein-meals-kipfilet-teriyaki-china-mix-bruine-rijst-450-g-587174SC,2025-12-09 15:43:45
Muscle Meat High Protein Meals Kipfilet Chunks Oriental Rijstmix 450 g,"€6,79",JA,9.3 g,9.3 g,2.8 g,427 Kj/ 102 Kcal,https://www.jumbo.com/producten/muscle-meat-high-protein-meals-kipfilet-chunks-oriental-rijstmix-450-g-686524TRA,2025-12-09 15:43:48
Muscle Meat High Protein Meals Kipfilet Piri Piri Mexico Mix - Z. Aardappelpuree 450 g,"€6,79",JA,6.4 g,12 g,1 g,367 Kj/ 88 Kcal,https://www.jumbo.com/producten/muscle-meat-high-protein-meals-kipfilet-piri-piri-mexico-mix-z-aardappelpuree-450-g-587139SC,2025-12-09 15:43:50
Muscle Meat High Protein Meals Kipfilet Paprika Chili Gnocchi Gratin Spieropbouw 450 g,"€6,79",JA,10.6 g,12 g,5.3 g,581 Kj/ 139 Kcal,https://www.jumbo.com/producten/muscle-meat-high-protein-meals-kipfilet-paprika-chili-gnocchi-gratin-spieropbouw-450-g-698691TRA,2025-12-09 15:43:53
HAK Linzencurry Protein Bowl 555g,"€3,99",JA,6.3 g,6.7 g,1.7 g,319.0 kJ,https://www.jumbo.com/producten/hak-linzencurry-protein-bowl-555g-648354ZK,2025-12-09 15:43:55
HAK Jackfruit Rendang Protein Bowl 555g,"€3,99",JA,6.4 g,8.2 g,2.8 g,388.0 kJ,https://www.jumbo.com/producten/hak-jackfruit-rendang-protein-bowl-555g-648357ZK,2025-12-09 15:43:58
HAK Kikkererwten Tajine Protein Bowl 555g,"€3,99",JA,6.3 g,9.0 g,2.8 g,393.0 kJ,https://www.jumbo.com/producten/hak-kikkererwten-tajine-protein-bowl-555g-648356ZK,2025-12-09 15:44:01
John West Protein Bowl Tonijn Bonen MSC 220 g,"€3,95",JA,13.0 g,8.0 g,6.6 g,635.0 kJ,https://www.jumbo.com/producten/john-west-protein-bowl-tonijn-bonen-msc-220-g-648623DS,2025-12-09 15:44:03
John West Protein Bowl Tonijn Quinoa MSC 220 g,"€3,95",JA,13.0 g,7.3 g,8.2 g,677.0 kJ,https://www.jumbo.com/producten/john-west-protein-bowl-tonijn-quinoa-msc-220-g-648589DS,2025-12-09 15:44:06
"Sam Mills Glutenvrije Fusilli van kikkererwten en gele erwten, eiwitrijk en glutenvrij 250g","€3,69",JA,40g,43g,2.8g,1556kJ / 368kcal,https://www.jumbo.com/producten/sam-mills-glutenvrije-fusilli-van-kikkererwten-en-gele-erwten-eiwitrijk-en-glutenvrij-250g-701325ZK,2025-12-09 15:44:08
"Sam Mills Penne van rode linzen & gele erwten, eiwitrijk en glutenvrij 250g","€3,69",JA,40g,45g,1.2g,1525kJ / 360kcal,https://www.jumbo.com/producten/sam-mills-penne-van-rode-linzen-gele-erwten-eiwitrijk-en-glutenvrij-250g-701324STK,2025-12-09 15:44:11
Jumbo Crackers High Protein met Pompoenpitten en Zonnebloempitten 8 Stuks,"€2,29",JA,30.8 g,13.8 g,28.0 g,kJ 1941,https://www.jumbo.com/producten/jumbo-crackers-high-protein-met-pompoenpitten-en-zonnebloempitten-8-stuks-660871ZK,2025-12-09 15:44:13
TastyBasics Low Carb - High Protein Cracker Zonnebloem,"€3,09",JA,35 g,14 g,26 g,1876 kJ,https://www.jumbo.com/producten/tastybasics-low-carb-high-protein-cracker-zonnebloem-565462ZK,2025-12-09 15:44:16
TastyBasics Low Carb - High Protein Cracker Maanzaad,"€3,26",JA,36 g,12 g,29 g,1962 kJ,https://www.jumbo.com/producten/tastybasics-low-carb-high-protein-cracker-maanzaad-618595ZK,2025-12-09 15:44:18
Wasa Protein Wheat Knackebrod 200g,"€2,37",JA,,,,,https://www.jumbo.com/producten/wasa-protein-wheat-knackebrod-200g-691881ZK,2025-12-09 15:44:21
TastyBasics Low Carb - High Protein Cracker Meerzaden,"€3,09",JA,36 g,15 g,30 g,2072 kJ,https://www.jumbo.com/producten/tastybasics-low-carb-high-protein-cracker-meerzaden-565463ZK,2025-12-09 15:44:24
Bolletje Proteïne Knäckebröd 22% Eiwit 4 x 4 Stuks 255 g,"€2,12",JA,,,,,https://www.jumbo.com/producten/bolletje-proteine-knackebrod-22-eiwit-4-x-4-stuks-255-g-575273DS,2025-12-09 15:44:26
BitesWeLove protein puff paprika bio 75g,"€2,39",JA,20.0 g,48.0 g,12.0 g,1643.0 kJ,https://www.jumbo.com/producten/biteswelove-protein-puff-paprika-bio-75g-711863ZK,2025-12-09 15:44:29
BitesWeLove Protein Puff Zout & Peper BIO 75g,"€2,39",JA,22.0 g,48.0 g,11.0 g,1612.0 kJ,https://www.jumbo.com/producten/biteswelove-protein-puff-zout-peper-bio-75g-711862ZK,2025-12-09 15:44:31
BitesWeLove Protein Puffs Vegan Cheese 75g,"€2,39",JA,21.0 g,49.0 g,9.2 g,1585.0 kJ,https://www.jumbo.com/producten/biteswelove-protein-puffs-vegan-cheese-75g-711864ZK,2025-12-09 15:44:34
Nakd. Protein Cocoa Hazelnut 3x45g,"€3,75",JA,16.1 g,32.6 g,21.7 g,1754.0 kJ,https://www.jumbo.com/producten/nakd-protein-cocoa-hazelnut-3x45g-645667DS,2025-12-09 15:44:36
HiPRO Protein Drink Vanille Cookies 6 x 300 ml,"€14,94",JA,8.3 g,5.5 g,0.5 g,252.0 kJ,https://www.jumbo.com/producten/hipro-protein-drink-vanille-cookies-6-x-300-ml-433887DSL,2025-12-09 15:44:39
Nxt Level Proteine Caramel Cookie Bar 55g,"€2,47",JA,36.0 g,27.0 g,14.0 g,1516.0 kJ,https://www.jumbo.com/producten/nxt-level-proteine-caramel-cookie-bar-55g-638342PAK,2025-12-09 15:44:41
Killerbody Protein Pancakes 225 g,"€2,49",JA,25.5 g,60.0 g,1.8 g,1474.0 kJ,https://www.jumbo.com/producten/killerbody-protein-pancakes-225-g-458510DS,2025-12-09 15:44:44
Fitmeals High Protein Pancakes Naturel 160g,"€2,99",JA,13.8 g,29.0 g,7.4 g,995.0 kJ,https://www.jumbo.com/producten/fitmeals-high-protein-pancakes-naturel-160g-612700DS,2025-12-09 15:44:47
Fitmeals  High Protein Pancakes Cacao 160g,"€2,89",JA,13.0 g,32.7 g,7.7 g,1055.0 kJ,https://www.jumbo.com/producten/fitmeals-high-protein-pancakes-cacao-160g-612701DS,2025-12-09 15:44:49
TastyBasics Low Carb - High Protein Granola Noten,"€3,87",JA,28 g,18 g,28 g,1969 kJ,https://www.jumbo.com/producten/tastybasics-low-carb-high-protein-granola-noten-419500DS,2025-12-09 15:44:52
Holie's Granola Protein Crunch 350g,"€3,87",JA,20.0 g,30.0 g,24.0 g,1852.0 kJ,https://www.jumbo.com/producten/holie-s-granola-protein-crunch-350g-493509ZK,2025-12-09 15:44:54
Holie's Crunchy Muesli Protein Chocolate 400g,"€4,15",JA,22.0 g,38.0 g,16.0 g,1792.0 kJ,https://www.jumbo.com/producten/holie-s-crunchy-muesli-protein-chocolate-400g-625095DS,2025-12-09 15:44:57
Holie's Crunchy Muesli Protein 400g,"€4,15",JA,23.0 g,36.0 g,20.0 g,1877.0 kJ,https://www.jumbo.com/producten/holie-s-crunchy-muesli-protein-400g-606354DS,2025-12-09 15:44:59
TastyBasics Low Carb - High Protein Granola Naturel,"€3,77",JA,32 g,21 g,16 g,1649 kJ,https://www.jumbo.com/producten/tastybasics-low-carb-high-protein-granola-naturel-416938DS,2025-12-09 15:45:02
TastyBasics Low Carb - High Protein Granola Choco Noten,"€3,95",JA,21 g,27 g,20 g,1764 kJ,https://www.jumbo.com/producten/tastybasics-low-carb-high-protein-granola-choco-noten-646903DS,2025-12-09 15:45:05
"Holie's Granola Protein Crunch Hazelnuts, Almonds & Seeds 6 x 350 g","€22,99",JA,20.0 g,30.0 g,24.0 g,1852.0 kJ,https://www.jumbo.com/producten/holie-s-granola-protein-crunch-hazelnuts-almonds-seeds-6-x-350-g-493509DSL,2025-12-09 15:45:07
TastyBasics Low Carb - High Protein Granola Aardbei,"€3,95",JA,31 g,24 g,15 g,1677 kJ,https://www.jumbo.com/producten/tastybasics-low-carb-high-protein-granola-aardbei-676487DS,2025-12-09 15:45:10
Holie's Crunchy Muesli Protein Speculaas 400g,"€4,15",JA,22.0 g,38.0 g,17.0 g,1823.0 kJ,https://www.jumbo.com/producten/holie-s-crunchy-muesli-protein-speculaas-400g-676006DS,2025-12-09 15:45:12
Holie's Crunchy Muesli Protein Peanut Butter 400 g,"€4,15",JA,25 g,32 g,23 g,1944 kJ / 466 kcal,https://www.jumbo.com/producten/holie-s-crunchy-muesli-protein-peanut-butter-400-g-676007DS,2025-12-09 15:45:15
Holie's Granola Protein Peanut Butter 350g,"€3,95",JA,20 g,27 g,28 g,1944 kJ / 467 kcal,https://www.jumbo.com/producten/holie-s-granola-protein-peanut-butter-350g-674151ZK,2025-12-09 15:45:18
Holie's Crunchy Muesli Protein Coconut Cacao 400 g,"€4,15",JA,22 g,38 g,17 g,1813 kJ / 434 kcal,https://www.jumbo.com/producten/holie-s-crunchy-muesli-protein-coconut-cacao-400-g-676309DS,2025-12-09 15:45:20
Holie's Gluten Free Granola Protein Nuts 330 g,"€4,19",JA,22 g,28 g,25 g,1865 kJ / 455 kcal,https://www.jumbo.com/producten/holie-s-gluten-free-granola-protein-nuts-330-g-710419ZK,2025-12-09 15:45:23
Quaker Oats Express Havermout Proteine Naturel 302 gr,"€3,46",JA,22 g,53 g,7.6 g,1614 kJ,https://www.jumbo.com/producten/quaker-oats-express-havermout-proteine-naturel-302-gr-269996STK,2025-12-09 15:45:25
Danone Skyr Naturel High Protein 0% Vet 450 g,"€1,99",JA,9.0 g,3.4 g,0.1 g,261.0 kJ,https://www.jumbo.com/producten/danone-skyr-naturel-high-protein-0-vet-450-g-697181STK,2025-12-09 15:45:28
Ehrmann High Protein Vanilla Mousse 200 g,"€2,19",JA,,,,322kJ/76kcal,https://www.jumbo.com/producten/ehrmann-high-protein-vanilla-mousse-200-g-576943CUP,2025-12-09 15:45:31
Lindahls Protein Mango-Passievruchtsmaak 450 g,"€2,79",JA,,,,,https://www.jumbo.com/producten/lindahls-protein-mango-passievruchtsmaak-450-g-699256POT,2025-12-09 15:45:33
Lindahls Protein Kvarg Vanillesmaak 450 g,"€2,79",JA,,,,,https://www.jumbo.com/producten/lindahls-protein-kvarg-vanillesmaak-450-g-699253POT,2025-12-09 15:45:36
HiPRO Protein Skyr Stijl Vanille 450g,"€2,99",JA,,,,,https://www.jumbo.com/producten/hipro-protein-skyr-stijl-vanille-450g-478256CUP,2025-12-09 15:45:38
Melkunie Protein Vanilla Quark 200 g,"€1,49",JA,10.0 g,6.9 g,0.2 g,312.0 kJ,https://www.jumbo.com/producten/melkunie-protein-vanilla-quark-200-g-593943CUP,2025-12-09 15:45:41
Lindahls Protein Kvarg Stracciatella 450 g,"€2,79",JA,,,,,https://www.jumbo.com/producten/lindahls-protein-kvarg-stracciatella-450-g-699254POT,2025-12-09 15:45:43
Jude's Schepijs Protein Chocolade Brownie 460ml,"€6,49",JA,4.1 g,15.0 g,3.8 g,486.0 kJ,https://www.jumbo.com/producten/jude-s-schepijs-protein-chocolade-brownie-460ml-699467CUP,2025-12-09 15:45:46
Alpro Protein Sojadrink Chocolade Smaak 1L,"€2,99",JA,5.0 g,5.3 g,2.8 g,291 kJ / 69 kcal,https://www.jumbo.com/producten/alpro-protein-sojadrink-chocolade-smaak-1l-495543STK,2025-12-09 15:45:49
HiPRO Protein Mousse Dark Chocolate 200 g,"€2,49",JA,10.0 g,5.3 g,2.3 g,355.0 kJ,https://www.jumbo.com/producten/hipro-protein-mousse-dark-chocolate-200-g-578678CUP,2025-12-09 15:45:51
Melkunie Protein Food to Go Chocolate Caramel Flavour 500 ml,"€3,49",JA,,,,,https://www.jumbo.com/producten/melkunie-protein-food-to-go-chocolate-caramel-flavour-500-ml-709780FLS,2025-12-09 15:45:54
Oppo Pro High Protein Chocolate Brownie 150g,"€3,45",JA,10.0g,15.1g,5.0g,652 kJ,https://www.jumbo.com/producten/oppo-pro-high-protein-chocolate-brownie-150g-683156CUP,2025-12-09 15:45:56
Nature Valley Protein Chocolate & Cranberries 4 x 40 g,"€4,25",JA,,,,,https://www.jumbo.com/producten/nature-valley-protein-chocolate-cranberries-4-x-40-g-579773DS,2025-12-09 15:45:59
